path	line	chapter	no	text
temp/《零距离人性》/index.md	12	（H1之后/未识别章节）	2	坐姿坐姿是一种静态的身体造型，是人们在社交中采用最多的姿势。端庄优美的坐姿不仅给人以稳重、大方的感觉，也是个人气质和修养的重要表现形式。但是，千人千面，不可能每个人的坐姿都相同，所以，从不同的坐姿，我们可以窥视不同人的性格。
temp/《零距离人性》/index.md	39	（H1之后/未识别章节）	3	站姿在人际关系中，站姿是一个人全部仪态的核心。所谓“站有站相”，一个人的站姿不仅能显示这个人的气质和风度，也是这个人内心想法的真实体现。所以，观察一个人的站姿，可以知道他们的某些性格特点和此时此刻的心理精神状态。
temp/《零距离人性》/index.md	53	（H1之后/未识别章节）	4	走姿英国心理学家莫里斯经过研究发现一个有趣的现象：人体中越是远离大脑部9 V
temp/《零距离人性》/index.md	77	（H1之后/未识别章节）	5	睡姿有人说：“人到了睡觉的时候，往往是最放松的时候。”当然，这里要排除那些带着心事入睡的人。当人进入熟睡状态，完全不受意识的控制，就会把他们在清醒时隐藏在内的某种思想，完全通过他的睡姿表现出来。如果说什么时候看人心最好？当然是在一个人睡觉的时候。
temp/《零距离人性》/index.md	93	（H1之后/未识别章节）	6	醉态15 V
temp/《零距离人性》/index.md	107	（H1之后/未识别章节）	7	腰语俗话说：“男人头，女人腰摸不得。”可见腰部对女人来说是多么重要。女人的腰，是除了女人的臀部和胸部以外的性感符号，它常常是以无声的线条来表示意义的。女人的腰，它就是一个线条符号，是人类在有声语言之外最具表现能力17 V
temp/《零距离人性》/index.md	114	（H1之后/未识别章节）	8	手指俗话说：“十指连心。”手指的动作变化与人心的变化是相映成趣的。善于观察的人，能够从手指变化的姿势中了解一个人的性格和心理活动。
temp/《零距离人性》/index.md	131	（H1之后/未识别章节）	9	手势一个人的手势可以起到弥补有声语言不足的作用，增加有色语言的分量。不自觉的手势可说是一种内在感情，因此几乎每一个手势都是内心情感的流露。
temp/《零距离人性》/index.md	162	（H1之后/未识别章节）	10	叠腿姿态坐在椅子上时，有许多人马上就把脚交叠或扶住椅把。坐在车子里或客厅、办公室等地方，脚经常交叠的人也很多。
temp/《零距离人性》/index.md	170	（H1之后/未识别章节）	11	头部动作头是人体最重要的组成部分，通过观察一个人的头能了解到很多的信息，因为从某种意义上说头就是心灵的指挥官。
temp/《零距离人性》/index.md	186	（H1之后/未识别章节）	12	等电梯时的姿势通常，一个人在等待的状态是最容易暴露他内心的真实想法。人们的许多潜意识会不知不觉地通过等待的状态表现出来，比如说等电梯，无论是等一分钟或是好几分钟，都可以反映出他们的内心。
temp/《零距离人性》/index.md	196	（H1之后/未识别章节）	13	与人交谈的姿态在与他人交谈的时候，除了语言外，往往还会辅以肢体语言，或加强自己的语气，或传达自己的思想。因此，从一个人与他人交谈的姿态，总能看出些端倪。
temp/《零距离人性》/index.md	233	（H1之后/未识别章节）	14	打电话时的姿态近年来，社会心理学家提出许多可以透视人心的方法，虽然有些方法令人感到奇怪，但如果能巧妙，灵活地运用，一定可以收到意想不到的效果。举个例来说，打电话是现代人与他人沟通的重要手段，根据心理学分析，一个人在打电话时的姿态，就可以看出这个人的基本性格。
temp/《零距离人性》/index.md	251	第二章 细察行为，了解性情	1	触摸在谈话或者聚会中，当一个人想要改变气氛或者从讨厌的话题中解放出来时，通常会用手去摸自己的肩部，好像要拂去什么脏东西似的。
temp/《零距离人性》/index.md	258	第二章 细察行为，了解性情	2	涂鸦在百无聊赖的时候，你是否会随手在一张纸上乱写乱画？相会不只是你，绝大多数人都会做出这样的举动。有时，人们在做这样的事时，也大无意识的。而这种无意识的行为往往能反映一个人的内心世界。
temp/《零距离人性》/index.md	285	第二章 细察行为，了解性情	3	点菜点菜式我们日常生活中常见的一种行为方式。由于个性的差异，人们点菜的方式也有所不同，不同的点菜方式反映的一个人从中从众心理的强弱。从众心理用通俗的话来说就是“跟风”，比如张三见李四买了一个什么东西，他自己也赶紧去买，而他可能对此根本不需要。
temp/《零距离人性》/index.md	292	第二章 细察行为，了解性情	4	拿烟尽管我们一再被告诫“吸烟有害健康”，但烟民的数量却是有增无减。男人吸烟被认为是有风度，女人吸烟则成为优雅的表现。不管是男人还是女人吸烟，其拿烟的姿势都会有所差异。比如有人拿烟像掷标枪，而有的人则喜欢反着拿……，从心理学角度来看，不同的拿烟姿势反映了不同的个性。
temp/《零距离人性》/index.md	301	第二章 细察行为，了解性情	5	握手握手作为现代社会中普遍的一种交往礼节，它不仅是一个人修养和风度的体现，同时也能反映出一个人内在的许多东西。当你与不同的人握手时，你会明显感觉到中间的差异，这就是各人性格差异所致。所以，通过握手这一举动来看人心，也是很有道理的。
temp/《零距离人性》/index.md	323	第二章 细察行为，了解性情	6	亲吻亲吻时男女之间表示爱意的一种行为。当然，也有些西方国家把亲吻当作见面礼，这也是友好额一种表示。不过，亲吻的身体部位不同，其反映的内心也不尽相同，心理学家据此推断出对方的性格，也不失为我们看透人心的一个好办法。
temp/《零距离人性》/index.md	339	第二章 细察行为，了解性情	7	喝水水是生命之源，每个人每天都要做的一件事就是喝水。但是，不知你发觉没有，每个人喝水时的方式却不太一样。比如有的人喜欢握住杯子的上端，而有的人喜欢握住杯子的中部等等，不一而足。那么，从一个人喝水的这个行为，我们又能看出些什么端倪呢？
temp/《零距离人性》/index.md	348	第二章 细察行为，了解性情	8	习惯性行为心理学家莱恩德曾说：“人们日常做出的各种习惯行为，实际反映了客观情况与他们的性格间的一种特殊的对应变化关系。”的确，人的许多性格特征，常常会通过许多习惯性的行为流露出来。
temp/《零距离人性》/index.md	366	第二章 细察行为，了解性情	9	男人的小动作对于一个女人来说，最幸福莫过于嫁了一位好男人，但要想嫁得好，还必须看得准。世间上有一样东西不能轻易相信，男人的承诺，男人的感情及男人的理由。可见，要想看准一个男人并不是件容易的事。但是不要紧，无论这个男人多么善于伪装，他那些不经意的小动作会泄露他的真实个性。
temp/《零距离人性》/index.md	380	第二章 细察行为，了解性情	10	吃东西的方式俗话说：“一样米养百样人。”同样是“吃”，不同的吃法却能反映同不同的性格。
temp/《零距离人性》/index.md	390	第二章 细察行为，了解性情	11	握电话筒的方式在信息化时代，打电话和接电话已是我们与外界交流的一种重要方式。对于用手机的人来说，当电话铃声响起，然后摁下接听键。但是，如果是传统的电话，你会采取什么样的方式握话筒呢？别小看这个不经意的行为，它可是观察他们内心的好方法哦！
temp/《零距离人性》/index.md	403	第二章 细察行为，了解性情	12	挤公车挤公车真是一件让人头痛的事，像打仗一样紧张激烈，好不容易挤上去了，还要随着汽车的摇晃和车里的人群一起做摇摆的“舞”。可是，生活就是这样，与其痛苦地埋怨它，反倒不如静下心来欣赏它。就是挤公交车这件事，你换个角度看，这也是一个透视人心的好机会。
temp/《零距离人性》/index.md	412	第二章 细察行为，了解性情	13	开车方式随着社会的进步，很多人都拥有了心爱的座驾。而以车代步的确节省了很多时间，也方便了很多。但是，一连串上升的交通事故却也令人担忧。据资料表明，发生交通事故的原因多与司机的开车方式有关，而司机的开车方式又大多是由其性格所决定的。
temp/《零距离人性》/index.md	428	第二章 细察行为，了解性情	14	下车方式每每电视里总会有这样一段情节：“当汽车停下来的时候，一位颇具绅士风度的男士，会绕到汽车的另一侧，为女性拉开车门。而这位女士会摆个 Pose ，然后优雅地走下车。当然，在现实生活中，下车就要随意很多。但不同的人，其下车的方式也不相同，这也可以反映他人内心的真实景况。
temp/《零距离人性》/index.md	438	第三章 穿着打扮，暴露内心	1	着装服饰是第二种皮肤，也是人们了解他人的一个途径。一个人总是试图掩饰赤裸裸的自我，而穿着衣服，但是又往往因为自己的衣着使得内心反而暴露于外了。因为一个人经过自己选择而穿于身上的衣服，正好表现出在他裸露着肉体时，所不能了解的内心。所以，有时候，我们将衣服视为与人体不可分离的部分，甚至视为“自己的化身”，均不足为怪。
temp/《零距离人性》/index.md	459	第三章 穿着打扮，暴露内心	2	穿衣风格一个人的着装是实实在在看得见的，而一个人着装的风格则是给人的一种感觉。如果说一个人的着装是这个人性格的外露，那么着装风格则揭示了更深层次的东西。因此，了解他人的着装风格，对看透他人的内心大有裨益。
temp/《零距离人性》/index.md	481	第三章 穿着打扮，暴露内心	3	鞋在西方国家，陌生人初次见面，总是会先从对方所穿的鞋子来判断这个人的身份和地位。这从心理学生也可以找到依据。一个人穿鞋的风格，正是他内心的体现。
temp/《零距离人性》/index.md	496	第三章 穿着打扮，暴露内心	4	背包上幼儿园的时候，你是否羡慕过邻家哥哥、姐姐们背着崭新的书包去上学；长大了，你是否又羡慕那些时尚的女士背着漂亮的“坤包”招摇过市，或者是幻想着自己哪天也能像模像样的提着工作包游走在城市中央……从小到大，每个人都会有一个属于自己的包，和一份难解的“背包”情结。而这种“情结”正是人73 V
temp/《零距离人性》/index.md	525	第三章 穿着打扮，暴露内心	5	眼镜在这个崇尚个性的年代里，眼镜已不仅仅是调节视力的工具，人们越来越懂得如何使用眼镜使自己看起来更明艳照人。因此，他们对眼镜的选择，其实就是他们内心的真实反映。
temp/《零距离人性》/index.md	530	第三章 穿着打扮，暴露内心	6	香水有句话是“闻香识女人”，这实在是经验之谈。何故？因为一个人对某种香味的偏好，常常是这个人潜意识的外在体现。当然，从香味不仅能识女人心，只要弄明白了香味跟人性格之间的关系，相信任何人的“心”都逃不过你的“鼻子”。
temp/《零距离人性》/index.md	537	第三章 穿着打扮，暴露内心	7	颜色在艺术家看来，最能直截了当触动人心的莫过于色彩和声音，它们都是用一种直观的方式，直抵人内心深处。即使文盲也能被图画和音乐所感动。可以说，对色彩的偏好反映了人最深层的心理特征和心理需要，是辨识其性格的重要依据。
temp/《零距离人性》/index.md	565	第三章 穿着打扮，暴露内心	8	领带曾有男士抱怨道：“上帝太不公平了，女人不仅衣服款式多，而且配饰还一大把，而我们男人，除了西装就是休闲装，就连主要的配饰——领带也不太好打。”姑且不论此君是否抱怨合理，但对于男士来说，作为其主要配饰之一的领带的确是有诸多讲究。能够把领带打好打漂亮的确需要不少技巧，而所打的领带和领带结，从侧面反映出某些人的心理特征。
temp/《零距离人性》/index.md	582	第三章 穿着打扮，暴露内心	9	发型现在，越来越多的人意识到发型对于整个形象的重要性。过去，人们把剪头发叫做“理发”，而今则叫做“美发”，由此可见对发型观念的转变。因此，到了美发店，人们总是会要求发型师设计适合自己的发型。而发型师也会根据个人的发质、脸型及气质来作相应修剪。因此，不同的发型往往表示人的不同个性。
temp/《零距离人性》/index.md	609	第三章 穿着打扮，暴露内心	10	帽子人类对美的追求总是不遗余力的。就拿帽子来说，可能最早发明帽子的人，只是想到用它来御寒。现在，市面上出售的帽子就花样繁多，有遮阳帽、运动帽、毛线帽……人们往往根据自己的喜好来选择自己所需要的帽子，而帽子也正好成了他人性格的外现。
temp/《零距离人性》/index.md	619	第三章 穿着打扮，暴露内心	11	妆容尽管我们倡导自然美，但仍有许多爱美的女士，通过化妆来使自己更光鲜靓91 V
temp/《零距离人性》/index.md	633	第三章 穿着打扮，暴露内心	12	戒指戒指是一种很私人，而又寓意深重的装饰物。所以，结婚的人们常常用戒指来栓住心爱的人。当然，除了担负着定情信物的重要使命外，戒指也能反映一个人的内心。
temp/《零距离人性》/index.md	649	第三章 穿着打扮，暴露内心	13	首饰漂亮的首饰就是人整体形象的一个点晴之笔。一个小的饰品有时能让人眼前一亮，让他人的目光围绕你而转。而每个人所喜欢的饰品都不一样。心理学家通过研究下列几种饰品的佩戴者，总结出了他们的性格特征。
temp/《零距离人性》/index.md	660	第三章 穿着打扮，暴露内心	14	T 恤T 恤由于其简单、大方的款式，赢得了男女老少的亲睐。在过去， T 恤只是用来保暖和吸汗的内衣，可是现在，它已演变成了一面公众告示牌，可以任由自己在上面随便记录或宣泄各种情绪和想法。所以，选择什么样的 T 恤可以直观地看出一个人具有什么样的性格。
temp/《零距离人性》/index.md	671	第三章 穿着打扮，暴露内心	15	手表随着手机的普及，现在戴手表的人越来越少，即使有佩戴的，也大多是为了装饰。但是，手表并不因人们的冷落而退居舞台，诸如那些具有强烈怀旧色彩的怀表、机械表仍吸引着人们的眼光，而具有多功能的新式手现也令许多时尚人士亲睐不已。无论是喜欢旧表，还是新式手表，人的性格早已映射出来，成为观察人心的途径。
temp/《零距离人性》/index.md	684	第三章 穿着打扮，暴露内心	16	衬衫喜欢穿白衬衫的人，其性格特征是缺乏主动性、判断力、羞耻之心的人。他们在色彩感觉上、在扮装上都非常优秀；相反的，不论对什么服装，只要穿上白衬衫都能相得益彰。同时，白色是表示清洁的颜色。
temp/《零距离人性》/index.md	690	第三章 穿着打扮，暴露内心	17	内衣内衣被称为“女人的第二肌肤”。时尚现代的都市女性除了看重社会地位和成就感，更追求实质上自然平和的心境和生活方式，她们往往凭借着内心柔软舒展的触感，给自己增添一份安定平和的感觉。
temp/《零距离人性》/index.md	700	第四章 体貌特征，暗藏玄机	1	体型近年来，对人的体型出现了很多分类，比如“城市型”、“农村型”、“海洋型”、“丘陵型”、“官僚型”等，这些类型层出不穷，好像是一些粗制滥造的便宜货，被削价拍卖，大大贬低了“型”的价值。实际上，确定一个“型”不是简单的事情，是要经过长期观察、研究，反复推敲的。当然，世界上的人千差万别，极为复杂，要想单单靠几个“型”就想把世界上各种各样的人都囊括进去也是不可能
temp/《零距离人性》/index.md	734	第四章 体貌特征，暗藏玄机	2	脸每个人都有一副独特而不容混淆的脸相，即使双胞胎也不例外，因此人们相见时，给人印象最深的就是脸。从这张脸上，大致也能反应出年龄、性别、种族烙印，而且通过表情也可以流露出其人的当时情绪变化状况。
temp/《零距离人性》/index.md	760	第四章 体貌特征，暗藏玄机	3	第一印象人与人之间的交往，通常会以外在的第一印象作为衡量标准。因此，外貌对109 V
temp/《零距离人性》/index.md	764	第四章 体貌特征，暗藏玄机	1	蓄着浓密的胡子当一个男人蓄着胡子时，容易给人一种成熟感和有男人味留，留下自信、包容、勤勉的印象，但是，难以让人产生信赖。
temp/《零距离人性》/index.md	765	第四章 体貌特征，暗藏玄机	2	眼镜的搭配一般来说，戴眼镜比不戴眼镜的人，看起来比较斯文有内涵，而且容易给人一种“沉稳、亲切、认真踏实、负责任、可信赖感”的感觉。
temp/《零距离人性》/index.md	769	第四章 体貌特征，暗藏玄机	4	眼皮有句俗话叫“左眼跳财，右眼跳灾”，也就是说人的祸福可以根据人眼皮的跳动来判断。这当然是缺乏科学依据的。眼皮虽然不能预测吉凶，但是却能反映出一个人的某些心理。研究表明，单眼皮的人大都冷静，有逻辑性，观察力和集中力均优，思虑深，意志坚强。做事细心、谨慎，有持续力，个性顽固。而双眼皮的人知觉性强，感情丰富，热情明朗，顺应性和协调性优异，行动积极敏捷。
temp/《零距离人性》/index.md	775	第四章 体貌特征，暗藏玄机	5	眼部眼睛是心灵的窗户，是窥视他人心理动向的捷径。心理学家的研究告诉我们，人的内心隐秘，心中的冲突，总是会不自觉地通过变化的眼神流露出来。
temp/《零距离人性》/index.md	783	第四章 体貌特征，暗藏玄机	6	眉毛眉毛是人的面部必不可少也是非常重要的装饰。对眉毛的要求一般有四个方面，即“清秀油光”、“疏爽有气”、“弯长有势”、“昂扬有神”，也就是说，眉毛应该有光、有气、有势、有神。在这四个方面，清秀油光显得最为重要。一个人的眉毛，如果能够油光闪亮，就像珠宝那样熠熠生辉，价值连城；如果暗淡无光，就像珠宝黯然失色，可能就一钱不值了。
temp/《零距离人性》/index.md	799	第四章 体貌特征，暗藏玄机	1	双眉上扬，表示非常欣喜或极度惊讶。
temp/《零距离人性》/index.md	800	第四章 体貌特征，暗藏玄机	2	单眉上扬，表示不理解、有疑问。
temp/《零距离人性》/index.md	801	第四章 体貌特征，暗藏玄机	3	皱起眉头，要么是对方陷入困境，要么是拒绝、不赞成。
temp/《零距离人性》/index.md	802	第四章 体貌特征，暗藏玄机	4	眉毛迅速上下活动，说明心情愉快，内心赞同或对你表示亲切。
temp/《零距离人性》/index.md	803	第四章 体貌特征，暗藏玄机	5	眉毛倒竖、眉角不拉，说明对方极端愤怒或异常气恼。
temp/《零距离人性》/index.md	805	第四章 体貌特征，暗藏玄机	6	眉毛的完全抬高表示“难以置信”。
temp/《零距离人性》/index.md	806	第四章 体貌特征，暗藏玄机	7	半抬高表示“大吃一惊”。
temp/《零距离人性》/index.md	807	第四章 体貌特征，暗藏玄机	8	正常表示“不作评论”。
temp/《零距离人性》/index.md	808	第四章 体貌特征，暗藏玄机	9	半放低表示“大惑不解”。
temp/《零距离人性》/index.md	809	第四章 体貌特征，暗藏玄机	10	全部降下表示“怒不可遏”。
temp/《零距离人性》/index.md	810	第四章 体貌特征，暗藏玄机	11	眉头紧锁，表示这是个内心忧虑或犹豫不决的人。
temp/《零距离人性》/index.md	812	第四章 体貌特征，暗藏玄机	13	眉心舒展，表明其人心情坦然、愉快。
temp/《零距离人性》/index.md	813	第四章 体貌特征，暗藏玄机	7	嘴中国人把“唇红齿白”作为健康的表征是很有道理的。那些嘴唇薄薄而且发青，舌头或白或黑，牙齿残缺不全的人，常常是消化系统出了毛病，因此引起生理上的病变而导致心理毛病。这样的人往往烦躁不安，悲观消极。
temp/《零距离人性》/index.md	849	第四章 体貌特征，暗藏玄机	8	鼻人的鼻子会不会“说话”，学者们看法不一，有人说会，有人说不会。
temp/《零距离人性》/index.md	867	第四章 体貌特征，暗藏玄机	9	下巴在现代社会中，你不可避免地要同陌生人打交通。你对他并不了解，但又必须作些交谈，这往往会令人感到无所适从。
temp/《零距离人性》/index.md	881	第四章 体貌特征，暗藏玄机	10	气质作家马基维利曾说：“一般来说，人们判断一件事物，多只注意外表，而不注意实质。每一个人都有眼睛，但只有少数人的眼睛有透视的能力。”
temp/《零距离人性》/index.md	894	第四章 体貌特征，暗藏玄机	11	身体讯息很多人都有这样的经验，生病了才发觉健康的可贵。
temp/《零距离人性》/index.md	898	第四章 体貌特征，暗藏玄机	1	额头126 V
temp/《零距离人性》/index.md	900	第四章 体貌特征，暗藏玄机	2	鼻子如果长在鼻梁，表示脊椎骨可能出现问题；如果长在鼻头处，可能是胃火大、消化系统异常；若在鼻头两侧，就可能跟卵巢机能或生殖系统有关。
temp/《零距离人性》/index.md	901	第四章 体貌特征，暗藏玄机	3	下巴表示肾功能受损或内分泌系统失调。女生容易在下巴周围长痘痘，可能是月经不调所引起的。
temp/《零距离人性》/index.md	902	第四章 体貌特征，暗藏玄机	4	左边脸颊可能是肝功能不顺畅，如肝脏的分泌、解毒或造血等功能出了问题。
temp/《零距离人性》/index.md	903	第四章 体貌特征，暗藏玄机	5	右边脸颊可能是肺部功能失常。
temp/《零距离人性》/index.md	905	第四章 体貌特征，暗藏玄机	1	横向条纹有些人的指甲上出现下凹或者横向条纹。这种人的体内可能有寄生虫，因此鼻子经常发痒。患有寄生虫病的人，常常是因为有蛔虫等寄生虫作怪，应该注意请教医生防治寄生虫。
temp/《零距离人性》/index.md	908	第四章 体貌特征，暗藏玄机	2	指甲软有些人的指甲比较软，这主要是身体的健康状况不好所致。面对这种情况，我们不是单单地保护指甲，而最重要的是想方设法改变自己的健康状况。只有健康状况得到了改善，指甲才会变得正常。
temp/《零距离人性》/index.md	910	第四章 体貌特征，暗藏玄机	3	指甲硬而易折有些人的指甲又硬又脆，很容易折断。一般来说，这种人患上了贫血症。要改变指甲的这种状况，必须首先着手治疗贫血症。指甲如果给人一种苍白的印象，这也是患了贫血症的征兆。如果指甲很有光泽，可能是甲状腺机能亢进；如果指甲出现红色，就可能是有心脏病；指甲发黑，是因为指甲出现了充血现象，血液循环系统出了问题。如果指甲的颜色不同，有的颜色深有的颜色淡，则是静脉系
temp/《零距离人性》/index.md	911	第四章 体貌特征，暗藏玄机	4	白斑指甲有的人的指甲上出现很多白斑，这不是好现象，可能是缺钙，也可能是寄生虫在体内作怪。这种人可能有神经质。他们常常很容易疲劳，有时还伴随着便秘。这样的人要多服用维生素 C ，阻止皮下出血。
temp/《零距离人性》/index.md	912	第四章 体貌特征，暗藏玄机	5	橄榄形指甲128 V
temp/《零距离人性》/index.md	914	第四章 体貌特征，暗藏玄机	6	形指甲有些人的指甲就像一把撑开的伞。这样的人皮肤比较弱，应该经常用冷水或温水洗刷皮肤，以增加皮肤的抵抗能力。只要皮肤得到了很好的锻炼，他们的肝脏就会不断强壮起来，患肝脏方面的疾病的可能性就小得多了。
temp/《零距离人性》/index.md	916	第四章 体貌特征，暗藏玄机	1	唇色苍白若指甲、眼睑也苍白，可能有贫血。
temp/《零距离人性》/index.md	917	第四章 体貌特征，暗藏玄机	2	唇色青紫若非因为气温过于寒冷，有可能是有贫血、心脏方面问题。
temp/《零距离人性》/index.md	918	第四章 体貌特征，暗藏玄机	3	唇色淡黄若脸色、眼白一样呈黄色，可能是肝功能不好。
temp/《零距离人性》/index.md	919	第四章 体貌特征，暗藏玄机	4	唇色红紫若非发烧或一氧化碳中毒，就可能有心脏病、肺病、心脏衰弱等问题。
temp/《零距离人性》/index.md	922	第四章 体貌特征，暗藏玄机	1	分量每次以两三条为适量。
temp/《零距离人性》/index.md	923	第四章 体貌特征，暗藏玄机	2	形状直径两三公分的条状为佳，过软或呈颗粒状则表示肠子有老化状况。
temp/《零距离人性》/index.md	924	第四章 体貌特征，暗藏玄机	3	气味正常者应无强烈的味道，若有酸臭味、焦臭味、腐败味，则是有肠老化现象。
temp/《零距离人性》/index.md	925	第四章 体貌特征，暗藏玄机	4	颜色黄色为正常，颜色愈深表示肠老化状态愈严重。
temp/《零距离人性》/index.md	926	第四章 体貌特征，暗藏玄机	5	硬度排便时若无压迫感或泻肚子状态则为正常。
temp/《零距离人性》/index.md	932	第五章 察颜观色，巧辨人心	1	表情的变化在人类的心理活动中，表情是内心活动的写照。透过表象窥探心灵的律动，把握情绪变化的尺度，了解感情互动的根源，表情就是传递这种信息的显示器。
temp/《零距离人性》/index.md	956	第五章 察颜观色，巧辨人心	2	接受表扬的态度人人都喜欢听恭维的话，这些赞美之词是对成绩的肯定，表示大众接受他们的行为或某种观点，是人人都期求的一种外界反应，受到表扬的人往往会得到心灵上的愉悦和满足。有的人把表扬看得特别重，甚至胜过生命和财富；也有的人把表扬看得微不足道。因此，我们可以从一个人看待表扬的态度来观察他的内心世界。
temp/《零距离人性》/index.md	966	第五章 察颜观色，巧辨人心	3	笑有一种运动可以带动脸部的全部肌肉，这种运动就是——笑。以全部表情来说，笑是极为重要的因素，在喜怒哀乐的表情变化中，喜与乐的直接表现就是笑。
temp/《零距离人性》/index.md	998	第五章 察颜观色，巧辨人心	4	眼神爱默生说：“人的眼睛和舌头所说的话一样多，不需要字典，却能从眼睛的语言中了解整个世界。”的确是这样，眼睛的语言，是人捡部的主要表情之一，它与一个人的思想感情是有着密切的不可分割的关系的。一个人的所思所想很多时候会通过他的眼神表现出来，所以，通过观察一个人丰富的眼睛语言，也可以在某种程度上对他有一个大致的了解和认识。
temp/《零距离人性》/index.md	1009	第五章 察颜观色，巧辨人心	5	脸上肌肉的变化一个人最可能流露出真实感情的部位是脸颊。
temp/《零距离人性》/index.md	1021	第五章 察颜观色，巧辨人心	6	喜怒无常古人说，坐如钟，行如风，卧如弓，立如松。意思是说，坐的要求是稳健而端庄，行的要求是迅速而有力，卧的要求是安静而自然，立的要求是挺拔而有气势。这种人，沉默静养的时候，气定神闲，喜怒哀乐不表露在脸上；不乱说话，不烦躁，能够自然而然地对待周围的一切。
temp/《零距离人性》/index.md	1026	第五章 察颜观色，巧辨人心	7	生理上的细微变化察言观色，并不限于只从表面上观察。其实，当一个人的感情发生变化时，143 V
temp/《零距离人性》/index.md	1031	第五章 察颜观色，巧辨人心	8	从左脸判断他人内心你是否注意过那些张贴在公车上或广告牌上的电影明星或模特儿的宣传照？或许平时你没有任何特殊的感觉，现在回想起来，大多数海报似乎是左侧面！
temp/《零距离人性》/index.md	1037	第五章 察颜观色，巧辨人心	9	观察表情的技巧若要正确地看出对方的真心，势必要对表情的变化有个彻底的认识，也要了解判断表情的原则，拿这些做基础，勤加训练，方能达到识人目的。
temp/《零距离人性》/index.md	1082	第五章 察颜观色，巧辨人心	10	为什么会判断失误通常，那些超级推销员都有敏锐的观察力，能在很短的时间内从客户的表情判断出其心里在想什么，并且能在一瞬间发掘客户的潜在购买需要，再适当的说服客户购买他所推销的产品。这样强的观察能力，颇令人惊讶和佩服，不过具有如此之强的观察力的人是很少见的。由对方表情看出其内在的心理，按成功的比例而言，如果对方是很容易亲近的人，胜算占 70 ％；如果对方是不易亲
temp/《零距离人性》/index.md	1101	第六章 听清“话外音”，沟通零距离	1	声音常言道，听话听声，锣鼓听音。通过人们发出的不同声音，说出的不同话语，来透视一个人的心，是很有道理的。声音可细分为声与音两个方面来说，既可由声来识人，又可由音来识人，但在实际运用中，通常都是用两者结合来识别人的心思的。
temp/《零距离人性》/index.md	1128	第六章 听清“话外音”，沟通零距离	2	口头禅日常生活中，许多人说话时常常在无意之中高频度地使用某些词语，形成了人们所谓的“口头禅”，而这些语言习惯最能体现说话人的真实心理和个性特点。所以只要留心，就可以从一个人的“口头禅”中窥见一个人的内心世界。
temp/《零距离人性》/index.md	1189	第六章 听清“话外音”，沟通零距离	3	语速在说话方式的特征中，首推速度。速度快的人，大都能言善辩；速度慢的人，则较为木讷。这是每个人固有的特征，依人的性格与气质而有所差异，不过，在心理学中，所要注意的，便是如何从与平时相异的言谈方式中了解对方心理。平日能言善辩的人，有时候忽然结结巴巴地说不出话来；相反地，平时木讷讲话不得要领的人，却突然滔滔不绝地高谈阔论。遇到这种情况，我们应小心，必定发生了什么
temp/《零距离人性》/index.md	1196	第六章 听清“话外音”，沟通零距离	4	语调与说话速度一样可以呈现特征的，便是音调。
temp/《零距离人性》/index.md	1235	第六章 听清“话外音”，沟通零距离	5	话题谈话——在我们的生活中是一项不可缺少的重要内容，任何一件事物都可以166 V
temp/《零距离人性》/index.md	1263	第六章 听清“话外音”，沟通零距离	6	谎言如果说我们的生活里完全没有谎话存在，那么这句话本身就是一句谎话。因为整个社会生活和个人生活，必须依靠一些无伤大雅的谎话保持平衡。
temp/《零距离人性》/index.md	1345	第六章 听清“话外音”，沟通零距离	7	幽默幽默是生活大菜中的调味品，如果没有幽默，那么你的生活将会索然寡味。但是，幽默并不是每个人都能掌握的技巧，不动幽默固然毫无生趣，但是超出了章法的幽默又会给人以哗众取宠之嫌。而如何运用幽默，则跟个人的性格有关。
temp/《零距离人性》/index.md	1355	第六章 听清“话外音”，沟通零距离	8	说话方式在绝大多数情况下，我们个人内心深处的情感，对外界一些事物的看法、意见及认识，都是通过说话的方式传达出去的。而他人接收到我们传达的信息，然后以此为凭据，进行分析、思考、总结和归纳，就可以知道我们是怎样一个人。
temp/《零距离人性》/index.md	1373	第六章 听清“话外音”，沟通零距离	9	话说习惯在社会交往中，语言是人与人之间交流的重要纽带。人的种种深层心理，常会在不知不觉中反映到措辞上，即使与自己想表现的自我形象无关，但通过分析这个人的语言习惯，大体可以看出这个人的真实形象。
temp/《零距离人性》/index.md	1401	第六章 听清“话外音”，沟通零距离	10	打招呼美国路易斯维尔大学心理学家斯坦利·弗拉杰博士声称，从一个人打招呼的习惯用语中，可以了解一个人自身的好多东西。事实表明，不同的打招呼的习惯，的确揭示了说话人不同的性格特征。
temp/《零距离人性》/index.md	1416	第六章 听清“话外音”，沟通零距离	11	吵架在大多数人的心中，“吵架”都是件不好的事，一来会伤了吵架双方的和气，二来还会使自己生气。怎么算都使一笔不划算的帐。但偏偏有的人就喜欢吵架，一旦吵架简直就是如鱼得水。当然有些人害怕生气，他们会竭尽一切去避免争执，即使不可避免也要尽快结束它。其实，对吵架是迎面而上，还是竭力躲避，都跟人内心隐秘的情感有关。下面我们着重分析一下，不同性格的人在吵架中的表现。
temp/《零距离人性》/index.md	1454	第七章 生活细节，小细节大秘密	1	居住环境家就像是一个小小的城堡，当我们回到家中，就不必再伪装自己。所以，有人说：想了解一个人，看他住的地方就知道了，因为从这个人的居住环境，多少能反映出这个人的生活品质与内在涵养。
temp/《零距离人性》/index.md	1465	第七章 生活细节，小细节大秘密	2	挤牙膏人的个性会通过生活中的方方面面体现出来，只要你认真、细心地观察，就会发现其中的许多奥妙。比如挤牙膏，这是一件多么微小的事情，简直不值得一提，可是这其中却也有一定的学问。心理学家发现，通过挤牙膏也可以观察出一个人的性格。
temp/《零距离人性》/index.md	1471	第七章 生活细节，小细节大秘密	3	刷牙同挤牙膏一样，刷牙也是我们日常生活中诸多事情中的一件。但细心的你可能会发现，每个人的刷牙方式却并不相同。而这千差百异的刷牙方式却也正好反映了这个人的个性。
temp/《零距离人性》/index.md	1479	第七章 生活细节，小细节大秘密	4	看电视若想探知他人的内心，只要认真仔细地观察他在生活中的各个细节，在绝大多数情况下，都会有一些收获。看电视在我们的生活当中，几乎是一项不可缺少的重要内容，但是你知道吗，通过看电视，也可以观察出一个人的性格特点。
temp/《零距离人性》/index.md	1485	第七章 生活细节，小细节大秘密	5	洗澡“上冲冲，下洗洗，左搓搓，右揉揉，我家的浴缸好好坐……”每当耳边响起范晓萱的这首《我爱洗澡》的乐曲时，你是否会希望立即浸泡在清凉的泡泡中冲去一天的烦恼呢？其实，每个人依据性格的不同，都会选择不同的洗澡方式。
temp/《零距离人性》/index.md	1494	第七章 生活细节，小细节大秘密	6	烹饪烹饪是一种艺术，更是一种享受，有很多人乐于自己动手，准备一切。这一类型的人，大多不甘平庸和寂寞，总是想方设法地给平淡的生活添些亮色。他们196 V
temp/《零距离人性》/index.md	1504	第七章 生活细节，小细节大秘密	7	喝咖啡喝咖啡是一种文化，反映的是一个人的品位和修养。咖啡的种类有很多种，不同的咖啡品起来会有不同的味道和感受，人们往往会根据自己的性格、爱好进行选择，而这也正好映射出他们的内心世界。
temp/《零距离人性》/index.md	1514	第七章 生活细节，小细节大秘密	8	脱衣方式衣服就像是用来保护自己的铠甲，许多人就借此来掩盖真实的自己。有一成语“衣冠楚楚”说的大概就是这种类型。但是，当人一旦脱下了衣服，则意味着卸下所有防备，变得易受伤害，没什么身分，没什么特殊考虑。如果服装真可以造就一个人，那脱衣服的方式，就显示出一个人对自我表白的感觉。
temp/《零距离人性》/index.md	1523	第七章 生活细节，小细节大秘密	9	放松方式社会发展越快，竞争越激烈，而人的压力也就越大。生存压力和生活压力像两座大山一样压在人的背上，对人的生理和心理都造成双重危害。
temp/《零距离人性》/index.md	1533	第七章 生活细节，小细节大秘密	10	付款方式当你去商店购物的时候，必须付出一定量的钱，才可以得到自己想要的商品，当然，随着信息化时代的到来，购物的方式也呈多样化趋势，但是等价交换的原则还是不会变。那么采用什么样的付款方式，这在很大程度上和处理生活中其他的琐事有相似之处，从中也可以观察出一个人的性格。
temp/《零距离人性》/index.md	1540	第七章 生活细节，小细节大秘密	11	消费方式有这样一种说法，女人消费享受的是过程，而男人消费在追求的是结果。造成这两种截然不同的消费方式的原因，就是两性差异所致。其实不光是男人和女人，可以说每个人的消费方式都不一样。通过人们购物的方式，也可以看出这个人的性格。
temp/《零距离人性》/index.md	1549	第七章 生活细节，小细节大秘密	12	睡床选择人的一生有三分之一的时间是在床上度过的，床是与人们分享最亲密想法和经验的地方。从人们选择的床可以反映出其特性。
temp/《零距离人性》/index.md	1582	第八章 其它细节，察人滴水不漏	1	点烟递烟在社会交往中，对于男士而言递烟和点烟是一个必不可少的礼仪环节。可别小看这个细微的动作，它也会反映也某些人的一些心理特征。
temp/《零距离人性》/index.md	1596	第八章 其它细节，察人滴水不漏	2	灭烟头的动作你知道吗？许多火灾的发生都是因为人吸完烟后没有把烟头完全掐灭所致。当然，我们并不知道这些人为什么如此粗心大意。但是，研究表明，一个人灭烟头的动作跟人的内心情感有关，如果抓住了这些微妙的关系，是否可以减少很多火灾隐患呢？
temp/《零距离人性》/index.md	1607	第八章 其它细节，察人滴水不漏	3	渴酒时的动作酒文化源远流长。中国人的酒以白酒、烧酒而闻名，而西方人似乎更偏爱白213 V
temp/《零距离人性》/index.md	1619	第八章 其它细节，察人滴水不漏	4	办公桌的摆放几乎每个工作的人都有一张办公桌。如果仔细观察地话，即使是一张小小的桌子也可以发现许多秘密，而这个秘密就是通过办公桌所呈现出来的种种表象。
temp/《零距离人性》/index.md	1628	第八章 其它细节，察人滴水不漏	5	处理邮件邮件自古以来就是联系你我、沟通感情的一种重要方式。古有“鸿雁传书”，今有 E-mail ，即电子邮件来传递信息。信件在我们的生活中占有重要地位，所以如何来处理这些邮件，也可以观察到这个人的内心。
temp/《零距离人性》/index.md	1641	第八章 其它细节，察人滴水不漏	6	收藏品有人喜欢收集收藏品，为的是等待若干时日后升值；有的人收集收藏品是为了提高个人修养，陶冶情操；有的人收集收藏品为的是向别人炫耀，以显示其高雅脱俗，不同凡响；也有的人收集收藏品是为了怀念过去……收藏品五花八门，收藏者的性格也就各具特色。从一个人所收集的收藏品可以了解到这个人的性格。
temp/《零距离人性》/index.md	1656	第八章 其它细节，察人滴水不漏	7	放手机“他爱我？他不爱我？……当情窦初开的你，扯着玫瑰花瓣来测试爱情的方向时，不觉得浪费和不环保吗？换个方式吧！其实要想知道男友喜欢你的程度很简单，只要你暗地里观察他配戴手机的位置，就可轻易了解男友性格、爱情、工作，让你百分百看透他的心！
temp/《零距离人性》/index.md	1666	第八章 其它细节，察人滴水不漏	8	坐的位置餐厅、咖啡馆、会议室等等，在这些地方，根据房间的格局和功能，都有不同的位置摆放。而不同个性的人也会根据自己的喜好选择自己喜欢坐的位置，这给我们看透人心提供了捷径。
temp/《零距离人性》/index.md	1674	第八章 其它细节，察人滴水不漏	9	笔迹笔迹作为人们传达思想感情，进行思维沟通的一种手段，也是人体信息的一种载体。不同心境的字，笔迹也不一致。当然，人的笔迹会随着年龄的增长而有所变化，但运气的方式，字体开合都是固定不变的。因此，通过一个人近期的笔迹，也能看出他的内心。
temp/《零距离人性》/index.md	1688	第八章 其它细节，察人滴水不漏	10	出生排行不同的家庭，其子女个数往往是不尽相同的。家里有几个孩子以及自己在几个孩子中处在什么样的位置——也就是说出生排行的顺序，这在一定程度上也关系到一个人的性格特征。
temp/《玩转人性》.md	7	玩转生活	2	试验 80 人，79 人用身体“说话"近些年，身体语言学在西方方兴未艾。为了取得第一手的资料，研究者们进行了多种多样的试验。这里介绍的主要是对人体所需要的“私人空间”所做的试验。对这方面的试验，美国加利福尼亚大学心理学教授和心理学系主任萨默作了详细描述。其中，对女科学家南希·拉森的试验结果的报导最具典型性。拉森在研究侵犯空间的问题时，她把一个大学图书馆作为实
temp/《玩转人性》.md	14	玩转生活	4	有趣的狗打架人是自然界长期发展的产物。人在没有成为人之前，和其他动物一样生活在自然界中。后来，有了思维能力，能够制造工具，并在劳动中产生了传播信息的语言。那么，在没有语言之前，就不会传播信息吗?当然不是。这里，我们看看动物是怎么传播的。动物传播与人类传播之间的关系，目前才开始为人类所了解。我们在非口头传播中所获的知识，许多是从动物的实验而来。鸟类彼此间的传播
temp/《玩转人性》.md	23	玩转生活	7	校长误解了一位女学生的眼神人的眼睛是传神的，但在不同的国家和地区，由于受到不同文化的影响，眼睛传出的内容也不同，不了解这一点，就有可能产生对眼神的误解。例如，在美国，如果敢于正视对方，这是正直和诚实的标志，但其它国家却有其它规则。纽约一所中学一个名叫利维亚的 15 岁女学生，有一天和几个女同学在盥洗室被人碰上了，人们怀疑她们在那儿抽烟。这些女生中大部分是出了
temp/《玩转人性》.md	41	玩转生活	1	瞒不过丁老板的三角眼丁老板是位五十多岁的人，长一双三角眼，在一家广告公司任总经理已经五年了。因为他是我的朋友，所以从我这里了解了一些有关身体语言学方面的知识。我还送给他一本美国的朱利·法思特所写的《人体语言》小册子给他读。他读后给我打电话说：“要是早两年看过这本书，就不会用错那几个人，公司也就不会遭那么大的损失。”他说的那几个人，是两年前他们公司聘用的三个温
temp/《玩转人性》.md	73	玩转生活	8	他寡言少语，怎么也当上了头头有人对他人的影响力是靠话语产生的，这种人通常被看成是“能说会道”的人物。有人对他人的影响是靠身体动作产生的，这种人往往是含蓄的“力量式”人物。西方曾有人研究了一个群体组织，证明寡言少语的“力量式”人物，也能当头头。这是一个青年组织，其中有 3 个青年是出名的“话匣子。”有人把这个组织的活动拍成了电影，放映后发现其间 72—93％的
temp/《玩转人性》.md	74	玩转生活	9	老板驾驭部下的“体语软件”上司驾驭部下，是非常重要的。看一个领导者胜不胜任领导工作，很重要的一条，就是看他能不能驾驭局面。驾驭部下需要权威，需要命令。但是，仅仅有了权威、命令等“硬件”还不够，还需要有“软件”与之配合。“软件”之一：称呼部下的名字，可以使部下增强责任感。在西方，有一种被称作所谓的杂交、乱交的舞会或是换妻的聚会。在这类场合中，参加的人都必须戴上
temp/《玩转人性》.md	79	玩转生活	10	由走路来了解你的职员查尔斯、柴契尔在《罗西亚德这一家》中描写了一个人的走路姿态：“一条腿不灵活、局促、僵滞而不能优雅地移动或站稳，好象对另一条腿心存戒惧，而想逃开似的。”根据这段描写，我们完全可以闭上眼睛想像出此人的走路的特征。在现实生活中，每个人都有其不同的走路姿态，使他的朋友一眼便认出来。至少有一些特征，是因为身体的结构而有所不同，但是步法、跨步的大小和
temp/《玩转人性》.md	91	玩转生活	4	石膏点豆腐，一物降一物每天打开电视，你都能看到各种宣传性广告，这都是信息爆炸的产品。如果回想一下，现在的广告和几十年以前比较，数量并没有减少，但人们对广告的反感情绪却减少了。这是因为广告大都能配合消费者的消费时机。如各种家用电器什么的。当人们有钱购买这些产品了，广告就成了他们所需要的信息，再加上现在的广告制作也不那么千篇一律了，所以，也就不很惹人心烦了。就商
temp/《玩转人性》.md	92	玩转生活	5	正确运用“假眠效果”当你和朋友喝酒聊天摆龙门阵时，经常会互相询问：“业务推展不顺利”、“交易碰壁”、“自己无法突破”等问题应如何解决，在纷纭的意见中，令人印象最深刻的建议就是：“睡觉好了!”为什么呢?因为当你询问如何改善当前情况时，假使工作无法进展，那倒不妨暂缓这项交易，或许等以后出现更好时机时再谈。这种心理在心理学上是可以找到立论的根据。说服他人时，并非都
temp/《玩转人性》.md	114	玩转生活	2	“看他那样。官气十足"官僚主义是许多权力机关的通病。我们常常能听到一些到权力机关办事的人一出办公室就说：“看他那样，官气十足。”“那样”是指哪样呢?一是站样：他左手握拳撑着腰，右手掌扶撑着办公室的墙。这姿势似乎在说：“这办公室归我所有，连墙都是我的。”这种心理必然导致他把自己看成是“主人”而不是“公仆”。说这种人“官气十足”是一点也不过分的。难怪从事人事管理
temp/《玩转人性》.md	145	玩转生活	7	会场上的“四个怎么样"有关会议场合的身体语言，我们已从上面几个侧面作了介绍。下面，再集中回答四个问题，作为这一节的结束。这四个问题，可以概括为“四个怎么样”。①怎么样使会议顺利进行?“……以上为今天会议所要求的报告及我的建议，不知各位是否有其他意见或任何问题，如果没有，那么今天的会议就到此结束，谢谢大家，散会。”如果会议能够像这样顺利结束，大约每回都会依据会
temp/《玩转人性》.md	156	玩转生活	1	怎样“就坐"或“就站"在与他人接触时，或站或坐都有个离对方多远为宜的距离问题。中国人习惯把在他人旁边坐下称作“就坐”，由此，我们这里也可以把在他人旁边站着叫“就列”。无论是“就坐”一还是“就站”，都不能侵犯他人私人空间。那么，怎么才能防止侵犯他人私人空间同时自己的私人空间不被他人所侵犯呢?最重要的就是要有个“感觉礼仪”。我们对自己的侵犯行为的识别能力以及对别
temp/《玩转人性》.md	160	玩转生活	2	人到底需要多大的私人空间当你读完以上内容，你会觉得掌握私人空间是很有意义的。同时，你也会提出这样的问题：人到底需要多大的私人空间?这个问题是必须回答但又是很难用一句话说清的。情人相见，抱在一起还嫌远，路人相见，擦肩而过都觉得太近。因此，人们在接触时私人空间的大小，在很多情况下是以他们的相互关系而定的。身体语言研究者们，正是从这个角度，对私人空间作了不同关系决
temp/《玩转人性》.md	171	玩转生活	5	研究证明，鼻子也会“说话"人的鼻子有没有身体语言，学者们看法不一，有人说有，有人说没有。认为鼻子没有身体语言的理由是，鼻子本身是不能动作的身体，就象耳朵一样，因此，它们自身不能发出“姿势”信息，也就不可能有身体语言。至于用手摸鼻子和摸耳朵所发现的信息，应归为手的“语言”。与这种见解相反，有的学者坚持认为鼻子跟耳朵不同，耳朵确实不会动。就这一点，人不如有些动物
temp/《玩转人性》.md	179	玩转生活	2	口蜜腹剑与推心置腹如若你曾接待过许多访客，想必除了推心置腹者，也肯定会有口蜜腹剑之人。“口蜜腹剑”一词源于北宋司马光《资治通鉴》卷二百十五《唐纪三十一·玄宗天宝元年》。原文是：“李林甫为相，凡才望功业出已右及为上所厚，势位将逼已者，必百计去之，尤忌文学之士，或阳与之善，昭(啖)以甘言而阴陷之。世谓李林甫‘口有蜜，腹有剑’。”李林甫是唐玄宗李隆基时的兵部尚书，
temp/《玩转人性》.md	200	玩转生活	9	恋恋不舍——绝妙的告别会完客，谈完话，客方就该告辞了，主方便要送客走。无论是客还是主方，都不能动作太快，也不能露出喜出望外的表情，否则，就会给对方一种“啊，原来你早就想结束谈话呀!”的感觉。这样，就会影响你们的以后交往。最佳效果的告辞就是双方都在身体语言上显得恋恋不舍，以便对方留下深刻的印象。“恋恋不舍”一词，原指贪念荣禄，后演变为对人的依念之情。最早出自西
temp/《玩转人性》.md	242	玩转生活	1	家庭探秘如果有几个人碰在一起，家里也好，社交场合也好，带头人的姿态便是集体的榜样，其他人会先后模仿。倘若妻子是姿态的带头人，可以推测，在家里她说了算，至少在作出决定时，她起主要作用。一位心理学家研究过一个 5 口之家吃饭时的席次，父亲坐在上首，他确实也是一家之长，妻子并不和他争家长之位，坐在他的右边，即使在吃饭时也能保持夫妻间的亲密关系。有趣的是孩子们的席位
temp/《玩转人性》.md	258	玩转生活	7	在家里，男女平等难“妇女要解放”，“男女要平等”，这是世界妇女解放运动中最为响亮的口号。但是，要真正实现这些口号，是非常不容易的。在家庭，妻子被称为“主妇”。而主妇的含义并不是说她就是一家之主，而往往是指家务应由妇女为主来承担。这叫男人“主外”，女人“主内”。由于这种分工，就容易造成大男子主义，即男人是一家之主，女人是附属于男人的。一旦出现了这样的夫妻心理，
temp/《玩转人性》.md	266	玩转生活	2	被冷落的漂亮妞常言道：“爱美之心，人皆有之。”所以，在舞场上，漂亮女士的“行情”总比不漂亮的好。一般人都会这么认为，但实际上也不尽然。西方有位研究者专门观察了舞场的情况。他说，有些漂亮女子是很难接近的，然而她们的内心却在等待着。什么原因呢?问题就出在身体语言上。这位研究者写道：在一次舞会上，我观察了一位极其漂亮的姑娘。我看见她和一个女朋友站在墙边，她高傲、冷
temp/《玩转人性》.md	277	玩转生活	6	眼神及其在舞场上的运用劳夫·瓦多·爱默生说：“人的眼睛和舌头说的话一样多，不需要字典，却能够从眼睛的语言中了解整个世界。”在舞场上，谁也不会大声喧哗或滔滔不绝的说个没完，许多意思，都是用眼睛说出。所以，我们先来了解一下眼神及在舞场上的应用。只有注视到对方的眼睛，彼此的沟通才会建立。有些人在与我们谈话时会使我们感觉很舒服，有些人却会令我们不自在，有些人甚至会看
temp/《玩转人性》.md	282	玩转生活	7	千万莫“盯"人如果有人“盯”着你看，你一定很反感，甚至会产生敌意。在舞场上，有的男士想邀请某女士跳舞，但又吃不准对方的态度，于是，就可能盯她一会。一旦女士发觉你在盯她，她内心里就会生出一种厌恶你的情绪，即使勉强应邀跳一曲，她也绝对不会很投入。所以，千万莫“盯”人。在其他公共场所也一样。“看什么看?”这就是人被“盯”火了时发出的粗叫声。“盯”，换个说法就是“凝
temp/《玩转人性》.md	292	玩转生活	1	从女人胸脯捕捉“性"信号在身体语言学者罗韦政编译的《肉体语言术》一书中，专门谈到“女性胸部发出“性信号”的问题。书中说，由于不断地进化，使男人和女人胸部的差异更为明显。男人以“宽厚的胸脯”或“毛茸茸的胸脯”来显示男子汉气慨。当男人终日挺着胸时，也不一定就有性意识，因为这是勇敢、刚强的象征。而女性则不然。当女性作出挺着胸脯姿势，特别是遇到男性把胸脯挺得更高者，
temp/《玩转人性》.md	302	玩转生活	6	姑娘火了，她要叫警察他，名字叫艾伦，往美国的一个小镇上。艾伦年纪已经不小了，因而接触姑娘的愿望也就越来越强烈，以便从中物色他称心如意的对象。艾伦从那小镇来到纽约。一天晚上，他应邀参加好友特德举行的一次盛大鸡尾酒会。在去特德家的路上，艾伦看到他前面有一位漂亮的黑发姑娘正穿过马路，然后沿着人行道蹈罡达。艾伦跟在她后面，对她那种露出邀请意味的步态感到惊讶，她到底是
