major	no	after_prefix
玩转生活	1	人体是个奇妙的信号发射台就象电视台通过发射各种信号而构成丰富多彩的电视节目一样，人的身体也是一个奇妙的信号发射台，正是这些信息，构成了丰富多彩的人体语言。人体语言与文字语言相互融合，完成着人与人之间的通讯联络。人体语言，或叫身体语言，早在本世纪五六十年代西方一些国家就开始进行研究，并由此发展成为一门颇有诱惑力的新科学——人体语言学，也有人称它为举止神态学。人体语言学致力于解释和研究非文字通讯的行为现象(动作、姿势、体态、表情)及其规律。作为一门科学，它还很年轻。但却已经引起了人们的极大兴趣，同时也被应用到其他领域中。临床试验表明，有时候人体语言会在很大程
玩转生活	2	试验 80 人，79 人用身体“说话"近些年，身体语言学在西方方兴未艾。为了取得第一手的资料，研究者们进行了多种多样的试验。这里介绍的主要是对人体所需要的“私人空间”所做的试验。对这方面的试验，美国加利福尼亚大学心理学教授和心理学系主任萨默作了详细描述。其中，对女科学家南希·拉森的试验结果的报导最具典型性。拉森在研究侵犯空间的问题时，她把一个大学图书馆作为实验场地，图书馆非常适合于用来观察人的反应，这是笼罩着一种特殊肃静的气氛，这种气氛似乎在警告人们不要去干扰别人。在大多数情况下，一位走进图书馆大厅的读者是没有人去理睬的，他通常也找一个旁边无人的位置坐下
玩转生活	3	姑娘噘起了漂亮的小嘴巴民以食为天。所以，一提到嘴，自然首先想到的就是“吃”。 的确，嘴是一个摄取食物的器官。如果人没有嘴，就没法吃，就得死。这已是不言而喻的。当然嘴还是呼吸器官。如果你的鼻腔出了问题，作了手术，暂时被包扎起来，那么，你就可以用嘴来代替鼻孔呼吸了。除了以上两者外，人们也许还会想到嘴巴的说话功能。我们常常形容那些能说会道的人是“长着一张乖巧的嘴”，或者“你瞧她那张嘴，能把死人说活了。”等等。对于嘴的认识，我们一般都会停留在以上这些方面。当然，打架时，也可拿嘴去咬对方的手指、胳膊或耳朵。这是小孩打不过大孩时常用的绝招。现在要问一下，除此之外，你
玩转生活	4	有趣的狗打架人是自然界长期发展的产物。人在没有成为人之前，和其他动物一样生活在自然界中。后来，有了思维能力，能够制造工具，并在劳动中产生了传播信息的语言。那么，在没有语言之前，就不会传播信息吗?当然不是。这里，我们看看动物是怎么传播的。动物传播与人类传播之间的关系，目前才开始为人类所了解。我们在非口头传播中所获的知识，许多是从动物的实验而来。鸟类彼此间的传播，是借鸟鸣行之。代代相传，鸣同样的调子，同样单纯或复杂的曲调。许多年来，科学家一直相信，这些调子，这些鸟鸣，就像海豚的语言、黄蜂的舞语以及青蛙的“交谈”一样，都是遗传而来的结果。但现在，有人怀疑它是否
玩转生活	5	身体语言能诊病在西方，身体语言已被作为一门独立的科学来研究。研究者们从大量实验里发现，人的“姿态”包含着深刻的感情奥秘。现在，这门科学的研究成果，正越来越多地被运用于治疗精神病的临床上。正如美国人体语言学家朱利·法思特所说：“最近几年来，人体语言的治疗作用越来越受到心理学家和精神病科医生的重视，不少人在临床实践中应用了人体语言，但这种应用有时是无意识的。”为了使人们对身体语言有更深刻的认识，从而由“无意识”地应用变为自觉地运用。所以，专家们在不断地揭示人体语言的奥秘。坦普尔大学人类学基础研究教授伯德惠斯特尔博士在人体语言学术研究方面作了大量工作，他指出：
玩转生活	6	这孩子跟他爸一样当我们听到有人说：“这孩子跟他爸一样”时，可能有两种含义，一是指这孩子长相跟他爸一样，二是说这孩子的某些动作神态跟他爸一样。那么，这后一个一样就带来一个问题，孩子的动作神态是爸爸遗传的还是向爸爸学来的?天性的遗传，不是一件简单的事，学习的过程亦然。无论是思维语言，还是身体语言，究竟有多少是来自遗传，有多少是来自学习，这很难确切地划分。其实，人类的一切行为，既不是全由学习而来．也不是全由遗传而来，而是二者的结合。这里，涉及到一个身体语言的共同性问题，也就是说，有没有一种人类共同的、不受文化背景影响、用之于任何人身上都皆准的姿势和表情?是否有
玩转生活	7	校长误解了一位女学生的眼神人的眼睛是传神的，但在不同的国家和地区，由于受到不同文化的影响，眼睛传出的内容也不同，不了解这一点，就有可能产生对眼神的误解。例如，在美国，如果敢于正视对方，这是正直和诚实的标志，但其它国家却有其它规则。纽约一所中学一个名叫利维亚的 15 岁女学生，有一天和几个女同学在盥洗室被人碰上了，人们怀疑她们在那儿抽烟。这些女生中大部分是出了名的捣蛋鬼，尽管利维亚从来没有犯过错误，校长在跟她谈话后确信她这次犯了校规，并决定不许她再上课。利维亚并没有承认她犯了过错，后来校长说：“很简单，是她的目光，她绝对不愿正视我。”不错，利维亚在和校长谈
玩转生活	8	人都在用“面具”包装自己人们制造出一些外部表情和相关的身体动作进行自我包装，也就是常言所说的“装模作样”。这在身体语言学上，叫做“戴面具”。人人如此，无一例外。我们给外界看的脸孔很少是真正的脸孔，即我们的行为或脸部表情很少表示我们真正感受到的东西。在需要发射脸部表情或人体动作语言时，我们会十分仔细地进行自我装修，这种装修包括装饰外表、选择衣服、配发型等。我们的外表印象向我们的朋友和熟人传递着一种人体语言信息。戈夫曼博士观察到，经我们仔细护理并戴在脸上的面具有时会突然松下来，使我们在一种暂时的衰竭状态下显示我们的本来面貌。由于疲倦或愤怒而忘记了继续包装我们
玩转生活	9	小动作说明大问题有的家长为了保护孩子的牙齿，不让孩子吃糖，而孩子趁大人不在时偷了一块。当大人查问时，孩子嘴上说；“我没拿糖”，但却把小手藏在了屁股后去。这个“小动作”，一下就告诉了大人，准是这孩子偷了糖。类似孩子偷糖的“小动作”，在成人中，在官场上，在商场上，在一切社交场合，都是存在的，所不同的是，成人毕竟是成人，所以要比孩子做得巧妙得多。但无论多巧妙，只要你做出“小动作”，就会被识破。因为，这些小动作，都是身体语言，它反映出了你的心理。这些心理，往往是不愿意用语言说出来的。 下面我们就来看看身体语言与人的心理之间的关系。在精神医学或暗示治疗法中，要了解
玩转生活	10	如果你想使自己更完美求美之心人皆有之。每个人都会想使自己更加完美，在竞争的时代，更完美就更有竞争力。莎士比亚在其名著《哈姆雷特》中借剧中人物的口说：“人是多么了不起的一件作品!理性是多么高贵，力量是多么无穷!仪表和举止是多么端正，多么出色，论行动，多么象天使!论了解，多么象天神!宇宙的精华，万物的灵长! ”这番富有诗情的议论多好啊!的确，在世界上的一切事物中，没有比人更美丽的了。那么，人怎样才会美呢?人的美分外在美，内在美。外在美又可分为容貌美和行为美。内在美主要指心灵以及心灵美的外部表现一性格、情操等。人体美有时代的差异，我国唐代的女性以丰腴为美。美在
玩转职场	1	瞒不过丁老板的三角眼丁老板是位五十多岁的人，长一双三角眼，在一家广告公司任总经理已经五年了。因为他是我的朋友，所以从我这里了解了一些有关身体语言学方面的知识。我还送给他一本美国的朱利·法思特所写的《人体语言》小册子给他读。他读后给我打电话说：“要是早两年看过这本书，就不会用错那几个人，公司也就不会遭那么大的损失。”他说的那几个人，是两年前他们公司聘用的三个温州人。当时，那三个人经人介绍找到了他的公司。说他们掌握有七八家大客户，有的是做广告，但前提是三个人都到该公司来工作，并且其中一人还要担任个部门经理。根据三人说的情况，和所看到的他们展示的客户资料，丁老
玩转职场	2	神态——征服对手的力量有位部门经理，总觉得自己在公司里没有被充分重视。当他向妻子谈到这个问题时，妻子对他说：“你要想引起同事的重视?你就应当显示出你的力量。”“那么，怎么才能显示出力量呢?”他问妻子。“这，只有去问你自己了。妻子的回答，令他很失望。 如果他研究一下身体语言与人的内在力量的关系，也许他就不用去问妻子了。同样，如果他的妻子研究过这个问题，也就能给他一个满意的回答。这里，我们就来谈谈一个人怎么才能使别人感觉到你有力量——一种征服人的力量。因此，一个人有没有力量，同他们身体形状有重要关系。也就是说，只要你注重身体语言表达，你就能得到一种力量的自我
玩转职场	3	鸭子死了嘴还硬在公司里，有些职员在进行某项从前没做过的新业务时，常常表现出没信心。这时就需要老板、经理们给予鼓励，或给予增强信心的有关保证。 问题是，没信心的人，往往不说自己没信心，嘴上总说“行”。这就是俗话说的“鸭子死了嘴还硬”。作为企业领导者，怎么才能看出你的职员在接受某项任务时，是否有信心。按照身体语言学的解释，人们在没有信心去做某事的时候，他并不是就不去做那件事，而是首先寻求信心，然后再去做事；而寻求信心的心理状态，一定会在身体动作上反映出来。因此，要看出一个人对某件事有没有信心，对于懂得身体语言的人来说，也就不是一种困难的事了。我的一位朋友，有
玩转职场	4	十指相钳，信心十足威廉·鲍士在《违背神的十二罪行》中写了这样的诗句； 世人从不知道去提防这些深具威严的人，他们平静地直视你的眼，从不说笑，从不犹豫，说话充满警惕的暗示与隐喻，但是在适当时保持沉默这就是信心的把戏仍然流行的原因。这七句诗中，对人们通常所理解的代表有信心的姿势神态，作了勾画。上一篇，我们谈了表示没有信心、寻求信心的姿势，这里，我们接着谈表示有信心、自负等心理状态的身体语言。无论男女，当他(她)坐在桌前，十指交叉置于下巴的前方，两胳膊肘抵在桌面上，脸微微扬起，两眼目光平视，或视前方，或视左右，两肩自然下垂并由此给人一种脖子上升的感觉，脸部稍向前
玩转职场	5	拍马屁与拍肩膀在公司里，下属为了讨好上司，经常给上司献殷勤，如说些言过其实的吹捧话等。人们看不惯这种行为，故称之为“拍马屁”。有时候，上司为了使部下感到他是平易近人的，所以，在交办什么事时，常拍打着部下的肩膀说：“凭你的精明能干。办这件事没问题。”或者是跟部下谈完话后，拍拍肩膀鼓励道：“干得不错，继续努力。”当然一般都是年长的上司对年轻的部属才这样。 而被拍肩的部下立即产生一种与上司拉近了关系的感觉。上司所期望的，正是这种效果。为什么拍肩能产生这种效果呢?这就要从人的肩膀本身的身体语言功能作出解释了。古人常用“肩”字来表现人的心理状态，例如“不肩好货”，
玩转职场	6	懂“体语"你将永远胜人一筹一个懂得人体语言并善于应用人体语言的人，如果能将他所了解的姿势同周围人的感情联系起来，他将永远比对方胜过一筹，处于主动地位。在一切有人际关系的场合，我们都会观察到，某人在说话的时候，不仅他或她的嘴巴在动，他们的眼睛、眉毛、头和手以及其他某些部位都在配合着说话的内容作出一些动作。这每一个单独的动作还不是真正的姿势，研究身体语言学的谢夫伦教授把它们叫做“逐点动作”，一系列的逐点动作可以组合成“姿势”，姿势已基本上接近“体态”。一个姿势是由“广泛地位置移动组成的，其中至少有一半人体参与这种移动”。一种姿势大约保持 5 分钟时间。在社交
玩转职场	7	在瞬间，即可改变与上司的关系怎么处理与上司的关系，这是许多人都会遇到的问题，或许，有不少人正在为此事而苦恼着。保持良好的工作关系，才能使个人在工作上获得好成绩，尤其是上司和下属间；如果无意问产生了些冲突或误会，必须设法立即补救，如：第一、无意中反诘上司有时在会议中，或其他场合等，因为太热衷于讨论了，不小心对上司作了反诘，“哎呀!糟了!”此刻，必须看着对方，并致以带歉意的注目礼，并且在以后的过程中要一直注视着上司，对于上司的发言，要不断点头，并做出非常赞同的样子。第二、做事逾矩时和顾客交涉商务时，如果有上司在场，而你却做了越权的事时，即刻中断和对方的交谈，
玩转职场	8	他寡言少语，怎么也当上了头头有人对他人的影响力是靠话语产生的，这种人通常被看成是“能说会道”的人物。有人对他人的影响是靠身体动作产生的，这种人往往是含蓄的“力量式”人物。西方曾有人研究了一个群体组织，证明寡言少语的“力量式”人物，也能当头头。这是一个青年组织，其中有 3 个青年是出名的“话匣子。”有人把这个组织的活动拍成了电影，放映后发现其间 72—93％的话是这 3 个人说的。这个组织有 2 个头头，其中一个就是话匣子，他叫汤姆。另一个头头是鲍勃，是个文静的青年，他是该组织最沉默的人之一，根据详细分析，发现鲍勃只说了 16％的话，那么鲍勃怎么会成为头头
玩转职场	9	老板驾驭部下的“体语软件”上司驾驭部下，是非常重要的。看一个领导者胜不胜任领导工作，很重要的一条，就是看他能不能驾驭局面。驾驭部下需要权威，需要命令。但是，仅仅有了权威、命令等“硬件”还不够，还需要有“软件”与之配合。“软件”之一：称呼部下的名字，可以使部下增强责任感。在西方，有一种被称作所谓的杂交、乱交的舞会或是换妻的聚会。在这类场合中，参加的人都必须戴上面具。我记得曾经看过这类的照片，因为参加的人都袒呈裸露且戴着面具，所以聚会场面的气氛相当怪异。面具具有隐藏自我的作用，同时也有解放自我欲望的作用，因此会使人变得无法自制的纵情声欲，所以为此类的聚会制造
玩转职场	10	由走路来了解你的职员查尔斯、柴契尔在《罗西亚德这一家》中描写了一个人的走路姿态：“一条腿不灵活、局促、僵滞而不能优雅地移动或站稳，好象对另一条腿心存戒惧，而想逃开似的。”根据这段描写，我们完全可以闭上眼睛想像出此人的走路的特征。在现实生活中，每个人都有其不同的走路姿态，使他的朋友一眼便认出来。至少有一些特征，是因为身体的结构而有所不同，但是步法、跨步的大小和姿势，似乎是随着情绪而改变的。假如一个小孩很快乐，他会走得比较快，脚步也轻快，反之，他的双肩会下垂，走起路来好象穿着铅底的鞋一般。莎士比亚在《特尔勒斯和克尔丝达》一书孛，对一只大公鸡的走路姿态有很好的
玩转职场	11	切莫三脚踢不出个屁这里谈的是挨批评训斥的艺术。人非圣贤，谁能无过?当你做错一些事时，被上司发觉或是有人告到上司那里，你就可能要挨训斥了。这时，你切莫三脚踢不出个屁来。例如，在公司里，常能听到经理对手下人厉声说：“为什么会算出这样的数字，去年的业绩也比这个数字高，不可能出现这样的数据。”“这像是一份像样的报告吗?你究竟在想些什么、做些什么?”听这样的谈话情形，可能是上司不满意报告书的内容，因而责备职员，责斥声持续不断。“你是怎么听话的，我难道没有告诉你应该怎么做吗?竟然作出这样内容的东西来，你过去曾经做过几次，你究竟在想些什么?真是的。”上司的声音愈来愈大
玩转生意场	1	“尖塔式"的手姿尖塔的姿势。这是把两手指尖合起来，形成一种“教堂尖塔”的手势。这是一种有信心的动作，有时也是种装模作样、主教式的、自大或骄傲的动作。它及时传达出其人对自己所说的一切十分肯定。有些公司经理在与对手商谈时，常用这种尖塔的姿势来强调他们绝对的自信。尖塔姿势有公开与隐蔽的两种不同的尖塔姿势。一般妇女常用隐蔽的形式，即一种低姿态的尖塔动作，她们在坐着时把手搁在膝上，在站着时把合着的手轻放在及腰的位置。职员、律师、学院院士等处理行政业务的人，往往摆出尖塔的姿势。而且根据我们的资料统计，自视愈高的人，尖塔姿势的位置也愈高，有时甚至齐眉，从手缝中看人。这
玩转生意场	2	“背握式"的手姿这种姿势，就是两手在背后相握，或者是一只手握另一只手的腕部，或者是一只手抓着另一胳膊，但共同点都是置于背后。许多当过兵的人可能都对这种姿势很熟悉。尽管部队规定在正式场合不许袖手和背手，但还是可以看到在非正式场合，在一群新兵聊天的时候，突然老兵班长来了，他往往就是背握着手，昂起下巴，在新兵中走来走去。把这种姿势换成语言来表示，就等于他在说：“我是老兵，我是班长，你们得听我的。”这是相当自信的姿势。据说，英国皇室中的几位显赫的男性有种著名的习惯：走路时，仰起头，下巴抬起，两手在背后，一只手握住另一只。不只英国皇室用这种姿势，许多国家的皇室也常
玩转生意场	3	卖方与买方的“体语"战我们观察过生意场上卖方和买方在交易过程中，进行非语言沟通情况，并与一些从事商品推销工作的人员作过交谈。他们都是在某些商品专销公司长期做推销，有时跑到客户家去推销，更多的时间则是在公司里坐等买方上门。他们都说，可由买方进入公司后坐下的动作中，判断出购货心理情况。 这说明，尽管这些推销人员尚未学习过身体语言学方面的理论，但在商务实践中，已经多少掌握了一些“体语”沟通姿势。据我们观察，在许多买卖双方都很精明的销售活动中，双方都在心理上有一种“我一定要胜过你，你一定输”的潜意识。这种潜意识的外在表现，就是买卖双方的讨价还价。卖方非得千方百计
玩转生意场	4	石膏点豆腐，一物降一物每天打开电视，你都能看到各种宣传性广告，这都是信息爆炸的产品。如果回想一下，现在的广告和几十年以前比较，数量并没有减少，但人们对广告的反感情绪却减少了。这是因为广告大都能配合消费者的消费时机。如各种家用电器什么的。当人们有钱购买这些产品了，广告就成了他们所需要的信息，再加上现在的广告制作也不那么千篇一律了，所以，也就不很惹人心烦了。就商业而言，往往需要说服别人，而说服的技巧人人不同，需视对方的情形而随时变化。这就叫“石膏点豆腐，一物降一物。”现在，以下提供一些较具效率的方法给你参考：第一、对固执枝梢末节者一微波攻击：这类型的人广泛地
玩转生意场	5	正确运用“假眠效果”当你和朋友喝酒聊天摆龙门阵时，经常会互相询问：“业务推展不顺利”、“交易碰壁”、“自己无法突破”等问题应如何解决，在纷纭的意见中，令人印象最深刻的建议就是：“睡觉好了!”为什么呢?因为当你询问如何改善当前情况时，假使工作无法进展，那倒不妨暂缓这项交易，或许等以后出现更好时机时再谈。这种心理在心理学上是可以找到立论的根据。说服他人时，并非都能立即显示成效，往往必须经过一段时问，此称之为“假眠效果”。以上所举例是确有其事，足供验证。人的脑海中记忆的事物随时都会有所变动，增添或遗忘，后者则居常数。但所欲说服的内容却较为特殊，经过一段短暂时问
玩转生意场	6	好像矮人一截，实则高人一等自古以来，在他人面前把自己的身体放低，这是一种建立从属关系或友好关系的方法。例如，某个领导者讲话，总是处在高出听众的位置上讲，法官在法庭上更是高高在上，就连西方一些国家出现在街头的抗议活动中，演说者没有讲台时就站在一个什么破木架子或一个肥皂箱上以显得比别人高大。心理学上认为，可能是因为受把社会分为上层社会和下层社会的习惯势力的影响，因而人都有一种往“上”的倾向。“人往高处走，水往低处流。”这句俗语最能反映出人的这种心理。 第二次世界大战爆发前不久，查理·卓别林拍摄了影片《大独裁者》，和卓别林的所有影片一样，这部影片也充满了人体语
玩转生意场	7	吸香烟与叼着眼镜腿吸香烟的人你见过，那么，叼眼镜腿的人你见过吗?你没见过，我见过。记得不久前的一天我正在写作的时候，突然觉得有些头痛，估计是感冒了，于是到门诊部去看医生。候诊室门前的长凳上已经坐了十几个人。其中，有三个人正在吸烟，尽管明明墙上挂有“禁止吸烟”的牌子，他们还是照吸不误。这也不奇怪，许多挂在墙上的牌子，包括“禁止”什么，“不准”什么等等，都是摆样子的，没有几个人真正去执行。所以我说这三位在门诊部前“禁止吸烟”的牌下吸烟不为奇怪。但是奇怪的是，我发现坐在凳子顶头的那位四十多岁的男子，他无意把眼镜的一只腿叼在嘴里。别人吸烟，他却在“吸”眼镜腿。再
玩转生意场	8	会说的不如会“坐"的在商业洽谈中，一般都是坐在一张桌子的周围进行交谈。身体语言研究者们发现，座次的安排，对于谈判的情绪、气氛和结果，都有着一定的影响。因此，这也是生意场上不能不注意的。有人认为，会说的不如会“坐”的。 因为坐的位置不对，说得再好，人家也不一定听得进。通常在会议室之类的场合洽谈较多见，所以，我们以会议室的长方形桌子的座次为例来谈这个问题。假设这是一张会议室长桌：同时假设对方是甲，你是乙，那么，你在这张桌子周围有四种座次，每种座次反映出你想与对方建立的关系。要是你坐在乙 1 的位置，你与对方甲隔着桌子的一个角，这叫“桌角座次”。这种情况多半是
玩转生意场	9	注意客户的手和脚伯特伦·罗梭在《婚姻与道德》中写道：“自制的作用就象火车的刹车一样。与你发现走错方向时是很有用的，不过方向若对的，就会有害了。”罗梭这里所说的“自制”，是指人在高度防卫心理作用下的一种自我封闭状态。要是某人处在这种状态，你向他说什么他也听不进去的。所以，在进行商谈和做推销时，特别要注意这一点。表现人自制的身体动作很多，但最明显的还是在手和脚的摆放姿势上。下面是一个典型的女性自制姿势。从背后看，这姿势像个“4”字。这姿势几乎清一色是女性使用。即一只脚的脚尖钩在另一只腿上以加强防卫性姿势，当这姿势出现时，你可以确定这位女性心境漠然，且像乌龟缩
玩转办公室	1	由姿态了解部属心态有些研究资料指出，一般上司对年轻人所下的结论通常是“想法、价值观都与上一代不一样”，所以，他们常常认为年轻人使人烦恼的地方特别多。这就有必要多花费时间，尽量地设法了解他们的心态，才能和他们沟通。因此在指示、打招呼、谈话、偶遇时，要多多观察他们的行为态度以了解他们的心态。原则上“和对方的距离愈近愈能表示彼此之间的好感”，但通常彼此的距离不会太过接近，因此有必要考虑“视线相对的频率”，根据心理学的实验，如果某特定对象保持距离，基本原则应与对方视线相对，以弥补两者间因距离而疏远的关系。下面就来看看双方的关系位置所造成的彼此关系。第一、对方虽站
玩转办公室	2	“看他那样。官气十足"官僚主义是许多权力机关的通病。我们常常能听到一些到权力机关办事的人一出办公室就说：“看他那样，官气十足。”“那样”是指哪样呢?一是站样：他左手握拳撑着腰，右手掌扶撑着办公室的墙。这姿势似乎在说：“这办公室归我所有，连墙都是我的。”这种心理必然导致他把自己看成是“主人”而不是“公仆”。说这种人“官气十足”是一点也不过分的。难怪从事人事管理的人会因经常用以上所述的姿势而感到内疚。有人发现刚升上这位置的人也会突然用起这姿势，而他们过去几乎是不用这种姿势的。其实，这并不奇怪，官僚，官僚，有官才会有僚。二是坐样：你是不是觉得这个形象更加官僚化
玩转办公室	3	从下指示中看你上司是否自信动物学家们研究发现，狗儿到处撒尿并不是随地大小便，而是用气味告诉同类：“这地方我已经占领了。”这就如同地痞流氓争夺地盘等，都是与建立势力范围有关的行为。而在公司里不管是有意识或非意识，每个人也都拥有自己的势力范围。在自己的势力范围中，会使人觉得轻松自在，凡事也比较有信心。而若要走出势力范围必要有某种勇气。同时也会显得相当紧张。上司指示部属的情形也是相同的，上司如在自己的势力范围内指示部属，多会显得较为轻松自在，传达的指令也会较为清晰有力，所以上司才需要特别的小房间及大办公桌。上司是否执着于坚守自己势力范围?可看出他内心中的意识型
玩转办公室	4	通则不痛，痛则不通一看这标题，大家都会知道这是电视上的一句广告词。但它却说出了一个真理。不仅在人身上“不通则痛”，在办公室里，有时上下级之间出现些“不痛快”，也是没有沟通引起的。威廉·哈兹利特曾说过，每个人都会有担忧什么的时候，所以“忧虑的重担象犯罪一样地压在心灵上； 以致于忙碌的人通常有一种不安、焦虑和急忙的犯罪感。”人在忧虑的时候，不希望有人来打扰，因为需要独立地思考一些问题。然而，许多人不懂得这一点，越是别人心烦的时候，他越是喋喋不休地说个没完。有些上司对下属的不满，就是这样引起的。人有好事时，喜出望外，而人有忧虑时，愁眉苦脸。可见，从身体语言上是
玩转办公室	5	哟，连桌椅都在传递信息除了人的身体能传达信息外，办公室的设施等物品，也具有传递某种信息的效果。例如，可以用椅子作权威性展示。你曾经在应征工作时，感到压迫或无助吗?面试人看起来是那么高高在上并有压迫性，而自己却感到渺小而微不足道。这是面试人技巧地把他办公室的布置得使自己显得身份权力较高，同时使你显得渺小。有几种座椅的安排可以在办公室里造成这样的气氛。用椅子来提高身份权力的因素有：椅子的大小及椅子的附属物，椅子的高度，以及与对方座位的相关位置。首先，椅子有没有高背很重要。椅背的高度可以显出一个人的地位，高背椅就是大家熟悉的例子。椅背愈高，坐的人的地位与权力就
玩转办公室	6	无论官大小，说假话总归不自然在办公室里，领导者经常要听取下属的工作汇报，要经常与各方面的来访者交谈。他们明知在这些信息中有真有假，但又真假难辨，因此，难免上当受骗，对一些人或事作出错误判断。如求职者说他很能干，一旦接收使用又不行。那么，你如何能知道别人是否在说谎呢?辨认出非语言的欺骗是一项非常重要的观察技巧。这样，任何的欺骗讯号者骗不了人。有一种最常用的欺骗象征是三只聪明的猴子，它们不听、不说、不看非礼的事。所以，他们也不用手去摸脸，这种手脸姿势就是人类欺骗姿势的基本架构。换句话说，当我们看到、听到、或说了谎言或做了不好的事，我们常会想用手遮住眼、耳或嘴
玩转办公室	7	在厕所里碰见头头怎么打招呼在生活中，有时会出现一些尴尬的场面，叫人不知如何应酬才好。 比方说，你正想离开座位上洗手间，坐在对面的上司也站起来了，这时你可能会坐下，等他从洗手间回来后你再去。最尴尬的是，正当你在厕所里方便时，你的头头也进来了。在上述的情况下虽然你并没有作坏事，但却不愿意在这些情形下和上司招呼，因此一瞬间便会错失和上司打招呼的机会，此时你会变得局促不安、不知道该如何应对。相同的，此时上司的感受和你一样尴尬，也会不知所措。但是如果让这种情形一再发生，会让对方留下“真不上道”的坏印象。当你遇到这种情形时，装作没有看见不是最好的方法，甚至会有不好的
玩转会议	1	从“头"说起会场上的身体语言，主要是反映在人的头部，所以，我们就从“头”说起。西方有的研究人员，把各种会议的场面拍成录相片，结果发现，人们在会议上的情绪和态度不同，头部姿势也有明显的不同，并且，随着情绪和态度的变化，头部姿势也会发生变化。因此，研究者认为，一个人会者，对演讲人的观点，所持的态度如何，一看他头的姿势，就能知道个大概了。他们把会场上的头部姿势概括为四种，即：直竖着的头、斜偏着的头、向下低头和用双手在脑后反托着的头。直竖着的头。这姿势的含义是“不偏不倚”。在中国古代哲学中，有所谓“不偏不倚谓之中”的说法。身体语言学的研究表明，一个人对于所听到的
玩转会议	2	狐假虎威与借光发言狐假虎威的典故出自西汉刘身《战国策·楚策一》。书中写道：“虎求百兽而食，得狐。狐日：‘子无敢食我也。天帝使我长百兽，今子食我，是逆天帝命也。子以我为不信，吾为子先行，子随我后，观百兽之见我而敢不走乎?’虎以为然，故遂与之行。兽见之皆走。虎不知兽畏已而走也，以为畏狐也。”公元前 369 年，楚肃王弟弟楚宣王(良夫)即位。有一天，楚宣王对群臣说：“吾闻北方之畏昭奚恤(当时楚国的名将)也，果诚何如?”即，我听说北方各国都怕昭奚恤，这是为什么呢?群臣莫对。这时有个名叫江乙的魏国智者，站出来回答楚宣王，他首先讲了上面这个狐假虎威的故事，接着说：“
玩转会议	3	主持会议的“雕虫小技”有一位公司部门经理对我说，他最不愿意召集开会，因为有两个与他意见不和的人，总是在开会时故意提出反对意见，制造辩论的气氛，常常影响会议的正常进行。对于这样的问题，用什么办法解决呢?当然解决的办法很多。这里介绍的就是一些小窍门，虽属“雕虫小技”，但能解决问题。如会前通气就是一种，有的身体语言学书上称之为“事前照会”。“事前照会”的作法常会让人留下不好的印象，然而在许多情况下这种作法却是平常的事。事前照会确有其有利的一面，譬如某家著名的百货公司在例行董事会中突然解聘该公司的总经理，这位总经理便在会场上大声吼叫“为什么?”，于是这件事便成为
玩转会议	4	此法可治“恐会症"“恐会症”，是一种无法用药物治疗的“病”。故名思义，所谓“恐会症”，就是害怕开会的人。有一位某名牌大学的研究生，分配到一个不小的机关工作。他说，他不怕出差辛苦，不怕加班加点地干活，也不怕工作中遇到的各种困难，就只怕一件事，那就是开会。他说：“只要一听说要我去参加什么会，我头就痛，一坐一上午，有时下午还接着开，真是受不了，我宁愿去扫大街、掏大粪，也不愿没完没了地坐在那里开会。”当然他话说得有点极端，如果真让他去扫大街、掏大粪，他可能觉得还是去开会好。不过，可以从他这番话中看出“恐会”情绪。在文山会海已成为社会病的情况下，有这种“恐会症”的
玩转会议	5	扯着根本不存在的线头研究人类行为学的学者，有人根据人类诱发思考的方法不同，将人做了有趣的分类。这种分类既不同于从性别上把人分成男人和女人，也不同于从年龄上把人分为老年人、中年人、青年人和小孩。它是从人的身体部位上分的，如从嘴巴、手、脚、眼睛等部位上，把人们分别划分为口人、手人、脚人、眼人、耳人等等。因为诱发思考的方法不同，所以会有如此有趣的分类，所谓的“手人”是譬如要拿着铅笔转动才能思考的人，而“脚人”是指必须走来走去才能想出好方法之类的人，而听到别人说话可以引发自己的思考，这就是“耳人”的类型。而“眼人”是指读文章时，脑筋较能灵活运思的人。依此分类，开
玩转会议	6	他可能是想发言在咖啡屋里，如果你看到一对男女，隔桌而坐，正面面相对，窃窃私语，即使你听不见他们说话的内容，也可以从二人的身体都身前倾这一姿势中，判断出他们二人之间正谈得情投意合。如果二人的身体都是往后仰靠在自己的椅背上，那么很显然他们对这次会面的谈话兴趣不大。很可能他们一会就要起身离开了。根据这一观察，我们也可以对开会时人们表现的姿势，来判断他们对这次会议的兴趣和态度。无论何种会议，在出席者之中，必然可以发现一、二人低头，做出捏鼻梁的动作。做出此一行为时，如果问他：“你的意见如何?”他一定愈益三缄其口，甚至闭起两眼哩! 究其症结所在，是因为他借着捏鼻梁的
玩转会议	7	会场上的“四个怎么样"有关会议场合的身体语言，我们已从上面几个侧面作了介绍。下面，再集中回答四个问题，作为这一节的结束。这四个问题，可以概括为“四个怎么样”。①怎么样使会议顺利进行?“……以上为今天会议所要求的报告及我的建议，不知各位是否有其他意见或任何问题，如果没有，那么今天的会议就到此结束，谢谢大家，散会。”如果会议能够像这样顺利结束，大约每回都会依据会议议题作形式化的报告或讨论，而后在毫无异议下顺利的结束会议。对于上述的会议情形而言，大多是在宽大的会议室中进行会议。因为，从身体语言学上说，在宽大的会议室中，与会者之间的距离自然会拉远，彼此之间有相当
玩转会议	8	不失发言好时机在开会讨论问题时，你发表的意见能不能引起强烈反响，并由此提高你在单位里的威望，这一方面与你发言所讲的内容有关，一般来说，道理深、见解新、表达清的发言，都能取得与会者的好评。但另一方面，也与你在发言时所掌握的时机有着密切的关系。在会议中提出意见的时机因人而异，有些人在会议开始时就立即发言，发言后便一直保持沉默，大多数人都习惯在会议讨论期间一直保持沉默不语的态度，直到会议即将结束时才开口“我的看法是……”，而有些人却在紧要开头时突然发表卓见，因而极易获得大家赞同。发言时机固然因会议进行状况、主持的影响力及与会者的开心等条件不同，而不可一概论之，
玩转会议	9	散会吧，听众厌烦了过去人们形容那些空洞无味的文章，是懒婆娘的裹脚布——又臭又长。其实，现在有些会议，也是又臭又长的。在这些又臭又长的会议上，你可以看到听众中出现许多表示“我已经厌烦了! ”的姿势。作为会议主持人或演讲者，注意观察听众的这些姿势，并了解其含义，是非常有益的。有经验的推销员都知道，当你口沫横飞地说了许多之后，顾客只是“半眯着眼”地听着，什么表情也没有，那么，你就趁早走人才是，因为客户对你说的东西没有产生兴趣。在会议上，特别是那种又臭又长的会，听众坐在那里觉得无聊，这种情况下，通常表现出三种“懒得听下去了”的姿势。第一种是半眯着眼。就是顾客对待
玩转路途	1	怎样“就坐"或“就站"在与他人接触时，或站或坐都有个离对方多远为宜的距离问题。中国人习惯把在他人旁边坐下称作“就坐”，由此，我们这里也可以把在他人旁边站着叫“就列”。无论是“就坐”一还是“就站”，都不能侵犯他人私人空间。那么，怎么才能防止侵犯他人私人空间同时自己的私人空间不被他人所侵犯呢?最重要的就是要有个“感觉礼仪”。我们对自己的侵犯行为的识别能力以及对别人侵犯的反应能力是建立在“感觉礼仪”的基础上的。在一个图书馆里或一家咖啡馆里，如果对别人的空间有所威胁，一般事先会发出一系列歉意信号，比如先用话语问道： “请问这个位置有人吗?”等到坐下去后，就本能地
玩转路途	2	人到底需要多大的私人空间当你读完以上内容，你会觉得掌握私人空间是很有意义的。同时，你也会提出这样的问题：人到底需要多大的私人空间?这个问题是必须回答但又是很难用一句话说清的。情人相见，抱在一起还嫌远，路人相见，擦肩而过都觉得太近。因此，人们在接触时私人空间的大小，在很多情况下是以他们的相互关系而定的。身体语言研究者们，正是从这个角度，对私人空间作了不同关系决定不同距离的分析。美国西北大学人类学教授爱德华·T·赫尔博士长期以来在积极研究人类对周围空间的反应，他发现了人是如何使用空间以及如何向他人传递有关信号的规律。赫尔教授在研究人的私人空间时创造了“人际空
玩转路途	3	社交空间，4．公共空间。很明显，这些空间就是指我们行动的各种地区。密切空间可以是近距离的，比如真正的人体接触就属这种空间；它也可以是远距离的，即保持 20 厘米至 60 厘米左右的间隔。密切空间的近距状态多出现在谈情说爱时，出现在知心朋友间，出现在父母及偎依着父母的孩子间或一起玩耍的孩子间。两个男子处在近距离密切空间中容易引起不安和不快，如果是一对十分亲昵的男女处在这种空间，则相互感到快慰自然。 要是不太熟悉的一男一女处在这种空间，则双方都觉得尴尬。在美国，两个妇女之间的近距密切空间是可以被社会所接受的，而在阿拉伯国家里，两个男子之间保持这种间隔也是十分
玩转路途	4	公共空间。很明显，这些空间就是指我们行动的各种地区。密切空间可以是近距离的，比如真正的人体接触就属这种空间；它也可以是远距离的，即保持 20 厘米至 60 厘米左右的间隔。密切空间的近距状态多出现在谈情说爱时，出现在知心朋友间，出现在父母及偎依着父母的孩子间或一起玩耍的孩子间。两个男子处在近距离密切空间中容易引起不安和不快，如果是一对十分亲昵的男女处在这种空间，则相互感到快慰自然。 要是不太熟悉的一男一女处在这种空间，则双方都觉得尴尬。在美国，两个妇女之间的近距密切空间是可以被社会所接受的，而在阿拉伯国家里，两个男子之间保持这种间隔也是十分普遍的。在阿拉
玩转路途	5	研究证明，鼻子也会“说话"人的鼻子有没有身体语言，学者们看法不一，有人说有，有人说没有。认为鼻子没有身体语言的理由是，鼻子本身是不能动作的身体，就象耳朵一样，因此，它们自身不能发出“姿势”信息，也就不可能有身体语言。至于用手摸鼻子和摸耳朵所发现的信息，应归为手的“语言”。与这种见解相反，有的学者坚持认为鼻子跟耳朵不同，耳朵确实不会动。就这一点，人不如有些动物，如狗遇到“风吹草动”就竖起耳朵，这表明有“情况”。人的耳朵是“死”的，它只能跟头动，而自己不会独立的动。但鼻子则不然，它可以自己动。比如，人们都很熟悉的“嗤之以鼻”这个词，实际上是有动作的，也就是说
玩转会客	1	兴致勃勃的歪脖子人的颈脖子到底有没有身体语言?这是身体语言学者们看法不同的问题之一。有人认为颈部是支撑头部作用的，所以颈部的身体语言，可以由头部来代表。但也有人主张把脖子单独看待，因为有时脖子要表达的信息是头部所代表不了的。还有人认为，头部的身体语言，应分解为脸的各部分，如眼眉、嘴巴、鼻子以及面部整体表情等。除此之外的头部整体动作，都应归为脖子，因为比如说转头，实际上是先转动脖子。还有，仰头和昂头都是先伸脖子，而低头则是脖子的前缩后伸来完成的。因此，应当把头部整体动作归为颈脖子的身体语言来看待。或许以上三种观点都各有自己的道理吧。我们这里是把脖子和头作为
玩转会客	2	口蜜腹剑与推心置腹如若你曾接待过许多访客，想必除了推心置腹者，也肯定会有口蜜腹剑之人。“口蜜腹剑”一词源于北宋司马光《资治通鉴》卷二百十五《唐纪三十一·玄宗天宝元年》。原文是：“李林甫为相，凡才望功业出已右及为上所厚，势位将逼已者，必百计去之，尤忌文学之士，或阳与之善，昭(啖)以甘言而阴陷之。世谓李林甫‘口有蜜，腹有剑’。”李林甫是唐玄宗李隆基时的兵部尚书，后任中书令，此人为人阴险奸诈，忌贤妒能，表面上与人为善，背地里进行谗陷。当时的宰相李适之受人称赞，李林甫便在李隆基眼前说他的坏话，以致被解除了官职权。李林甫还常用欺诈手法结交玄宗亲情的宦官、妃子，争取
玩转会客	3	心有所想，肢有所行有时会有这种情况，你有一件事要去拜见一下你的朋友。你到了朋友家，朋友热情地把你安排在会客厅里，边喝着茶水边谈事情。其实你的事很小，很快就谈完了，而且你下面还有别的事情要做，比如还要赶去谈一桩生意，或是还要去看另一家朋友。这时，你心里肯定是想走。但是，你的朋友并看不出你想走。你也不好明说。他干脆就不知道。于是，他就滔滔不绝地给你天南海北地侃大山。这时，你心里越来越急，越想走。这时候，你可能就要作些小动作了，当然是无意地做出的。比方说，把手指头板得咯咯响，屁股在椅子上不停地扭动，眨眼睛的次数明显增加，手在沙发扶手上轻轻拍打。有时，不同意对方
玩转会客	4	在不经意中露出了本性人的本性，既有天使的一面，也有野兽的一面。所以，人往往总想掩盖本性，但实际上是掩盖不住的。日本有一则短篇小说“手帕”，主角是一刚失去小孩的寡妇，原以为她是很伤心的，可是却看不出她表情特异之处，然而在无意间。瞥见桌上手帕揉得很乱，才知道她刚刚哭过了，可是她不愿说出。足见人的本性容易在细节上被看出。脸部的表情最容易显出心理的状态，人对脸部以下的四肢活动，反而较少在意，若要看出对方的个性可观察他细微的动作来印证。 有人和朋友聊天，发觉他似乎与平时不一样，仔细留意才发现他虽然在微笑，但在桌下的手脚却不时颤动，而此举与谈话内容并无关连。由此可证
玩转会客	5	笑脸变成了“逐客令”人的面部表情丰富多彩，据有的研究资料推测，一般人的面部表情达二百多种，可想而知，那些电影明星的面部表情就更多了。所以，有的书籍称：“脸部是人体中提供非语言感情传递最多的场所。”当然，也有人不同意这种观点，认为手是传递信息最多的。但持这种观点的人也不否认．有些脸部表情，是手无法传达的。如我们终日跟他人面面相对，在出语言之前，看对方脸色，大致均可了解其心理状态者。即是由于我们在不知不觉中，已接受有关察言“观色”的训练。脸部所流露的表情，毋需特意探究身体言语，也会直接看出对方心理，这乃是由于已融人日常生活之中。“看人脸色”一词听起来似乎不太
玩转会客	6	无心谈话便“打岔"在会谈中，一方由于紧张或没有了谈话兴趣常常会做出一些打岔的动作，以打扰或打断对方的话题。当然，有时为了急于插话，也会做出一些打岔的动作，使对方停下来听他说。打岔常用的动作很多，这里谈的是最主要的几种。一是玩弄小物品。打岔动作的常见者即是用手玩弄身边物件的动作，这是紧张心理之表现。 尤其是跟初见面之人碰面时，不分男女都会用手把玩火柴盒、打火机或折叠毛巾之类，借以缓和内心的紧张。还有，在女方家提亲时，有些女性不胜害羞便做出扯椅垫绒毛之类的动作。现在，男女关系比较开放，纵或跟男性同坐，而用手玩弄小东西的女性似乎已经不太常见。问题在于为解除紧张
玩转会客	7	心不在焉乱点头“心不在焉”一语见于《礼记》载《大学》。书中写道：“心不在焉，视而不见，听而不闻，食而不知其味。此谓修身在正其心。”《大学》是儒家经典之一，传为秦汉时期，儒家之作。原为《礼记》中的一篇，南宋教宗淳熙年间(1171—1189)，朱熹把《大学》列人他所撰《四书章句集注》中，从此成为“四书”之一。 《大学》中认为， “格物”才能“致知”，致知必须“诚意”，而诚意在于“正心”。正心就是指心意正中不偏，纯直不邪，单一不紊。否则，就是“心不在焉”．就会视而不见，听而不闻，食而未知其味。“正心’是“修身”’的关键，如果心不正，则不能“修身”，不能“修身”
玩转会客	8	传球失误脚“生气"如果你是足球爱好者，当你打开电视看足球赛时，经常会看到一些很熟悉的镜头。譬如说，后卫闪过人，一个球传给前面的队友，结果他那队友失误了，球落入了对方脚下，错失了大好良机。这时，那个失误的球员最常出现的情绪化反应就是跺脚、踢地、抓扯自己的头发，然后对着天空咒骂两句。 若传球失误的球员，则他常会手把头发往后一掠，抓抓后脑勺，然后踢起尘土，或猛踢任何脚边可踢的东西，以此表示自责。从身体语言看，这是脚“生气”了。踢地或踢任何幻想的对象。当你觉得生气、受挫、或困扰的时候，是不是会有想去踢门的那股冲动?我相信你多半是踢过的。你曾否轻踢着土地以无声表达
玩转会客	9	恋恋不舍——绝妙的告别会完客，谈完话，客方就该告辞了，主方便要送客走。无论是客还是主方，都不能动作太快，也不能露出喜出望外的表情，否则，就会给对方一种“啊，原来你早就想结束谈话呀!”的感觉。这样，就会影响你们的以后交往。最佳效果的告辞就是双方都在身体语言上显得恋恋不舍，以便对方留下深刻的印象。“恋恋不舍”一词，原指贪念荣禄，后演变为对人的依念之情。最早出自西汉司马迁的《史记·范睢蔡泽列传》。原文是：“公之所以得无死者，以绨袍恋恋，有故人之意，故释公。”在这里，就是以“恋恋”来喻贪婪荣禄。范睢(字叔)原是魏国人，因游说魏王，被魏国须贾谗言残害，后化名张禄入
玩转餐桌	1	能传递 650 种信息的“头”当你有了身体语言学的知识，你可能就经常有意无意地去观察他人的身体动作，并研究其中要表达的意思。这时，你会发现，这种观察是很有趣的一件事。甚至有时你自己就暗自发笑，当然别人不知道你是在笑什么。做这种观察的最好场合，就是宴会厅的餐桌上，各方客人的身体语言，简直是生动极了，一手资源。在我们观察别人的动作时，首先入目的是人的头部动作，这不仅是因为头长在整个身体的最上面、最显眼，更重要的是因为头部身体语言最多。迪斯蒙得·摩里斯曾经就人的头部身体语言问题，作过几千人的实例调查研究，结果发现，在多数人的身体接触中(他把信息传递也理解为一种
玩转餐桌	2	这老头活了一辈子还不会握手我说你可能不相信，有个老头，其实还不是一般的老头，而是一位退休的局级干部，虽然他与别人握了一辈子手，但到成了老头的时候，反倒在握手上出了洋相。他老伴说他：“活了一辈子还没学会握手。”事情出在一次聚会上。那是那位退休局长参加的一次同乡聚会。在客人中，有一位大老板，随身带着一位走路恰似风摆柳一样飘柔的女秘书。客人早已到齐，单等这位大老板一到就开席，所以，当大老板出现的时候，大家都站起来以示热情并一一去与大老板握手。那位退休局长第三个与大老板握手。互相都握得很热情、很投入，可能手心都捏出了汗来才松手。本来前面已握过的两人都只跟大老板握
玩转餐桌	3	眼睛会说话，但却不如手手啊手，天天在“说话”，总也“说”不够。一位西方身体语言学专家，在对人的手在传递信息中的作用进行观察分析后说：“过去，都说‘眼睛比嘴巴更会说话’，其实，眼睛那里能赶得上手呢?应当改成‘手比嘴巴更会说话’才对”。宴会上，是手“说话”最多的场合之一。主宾之间见面首先要握手，甚至没握之前老远就先招手，客人们之间也是握手相见或拱手相让。交谈中，夸谁好常伸出手上的大拇指，要贬谁，有时摇摇小指头。还有，抽烟要用手，端碗要用手，拿筷子要用手，敬酒也还是要用手。总之，如果你有意去观察宴会厅里的那些手，要是你懂得身体语言学，那么，你会觉得妙趣横生；要
玩转餐桌	4	写着个性的下巴要是你经常出席宴会等人多的场合，那么，你也会经常碰到第一次见面的人。你对他并不了解，但又必须作些交谈，这往往是同桌而餐的需要。这时，你应通过身体形态对对方作个大概地了解。 比方说，了解一下此人好不好接触，这只要观察一下他的下巴就可知道个八九不离十了。下巴的动作虽然极为细腻，但却能左右他人的印象。站在镜子前，将下巴抬高或缩起，会产生不同的判别印象，下巴抬高时，胸部及腹部都会突出，有骄恃、自大的样子；反之将下巴缩起，稍似驼背，个性上显得很懦弱、气馁，若此时观察对方，将会发现其眼球向上翻滚，仿佛怀疑心重。下巴与四肢组合的姿势也有关，对动物而言，甲
玩转餐桌	5	从餐桌选座位洞察心理柴斯特菲尔德在《给儿子的信》中写道：“学习就是借助阅读书籍而有所收获，然而在世界的知识中，最需要学习的确是如何洞察他人，同时得善加研究各色各样的人物。”那么，怎样去洞察他人呢?或者说，通过什么方法去洞察呢?柴斯特菲尔德却未道其详。然而，身体语言学倒是给人们提供了洞察他人的方法。许多学者都谈到，如果你准备乘坐飞机外出，那么，飞机场则是洞察各色人物的最好场所之一。当旅客抵达和离境时，你可以看见对飞行感到不安的女人不断地捏着自己的手，仿佛在安慰自己说：“不会有事的。”就好象人们常说：“我得捏捏自己，以确定这不是一场梦。”一个男人在等待离境时
玩转餐桌	6	浓眉大眼与贼眉鼠眼当我们形容某人漂亮时，常用“浓眉大眼”一词，而形容心术不正的人则用“贼眉鼠眼”。可见，“眉目传情”并非虚言。这就是说，眼眉可当作非常独特的一种表达手段，尤其是视线更表现着种种心态。譬如：长时间的凝视属于一种对“私生活”的侵害。 地痞流氓在打喳儿时常说“眼睛瞄什么瞄”，这就是故意拿别人一直盯向这边的行为，当作寻事的借口。追根究底，其并非毫无原因。因为不管有意或无意，将视线集中某处是作为一个人企图扩大其势力范围(地盘)，当然会感觉目光是那一部份已侵害到他自己的地盘了。另外，根据米歇尔·阿基利所写的《对人行动心理学》一书的观点，一个人与他人单
玩转餐桌	7	猪八戒上餐桌——狼吞虎咽人们在形容吃饭粗野的行为时，常用的一个词就是“狼吞虎咽”。如在《官场现形记》的第三十四回中写道：“不上一刻工夫，狼吞虎咽，居然吃个精光。”在《歧路灯》中也有“绍闻只得陪差人吃饭，几呷了几口汤儿，看那差人狼吞虎咽地吃。”这样的描写。在有些文学书籍中，也有把“狼吞虎咽”写作“虎咽狼吞”的。如在《西游记》的六十二回中形容猪八戒吃东西时的极其猛急的样子时写道：“你看八戒放开食嗓，真个是虎咽狼吞，将一席果菜之类，吃得个罄尽。”在第五十二回中又写道：“只见那大小群妖，一个个狼吞虎咽，正都吃东西哩。”当然，在各类书中，描写“雅吃”的词句也很多。
玩转餐桌	8	从选店、点菜、喝酒中看端倪选择什么样的饭店，怎样点菜，如何让客人喝好，但又不能自己喝醉，这些都是宴请时很费脑筋的事。(1)选店“应该在那里招待客户，才能说服他呢?”相信每个人都会有这样的烦恼。目前市面上有不少谈论待客之道的书籍问世，而有的杂志也有“接待术”的专文探讨，但是让我们来看看心理学上告诉我们的方法：第一、考虑对自己有利的立场→选择自己时常光顾的饭店。如果要获得选择地点的机会，你应该说“今天我来请客”，这样你便可以将客户带到自己熟悉的饭店，也等于将他带进自己的势力范围，握有地利的优点就有如在家一样得心应手。或许事前你也可同店主招呼一声，“这位是我重
玩转家庭	1	家庭探秘如果有几个人碰在一起，家里也好，社交场合也好，带头人的姿态便是集体的榜样，其他人会先后模仿。倘若妻子是姿态的带头人，可以推测，在家里她说了算，至少在作出决定时，她起主要作用。一位心理学家研究过一个 5 口之家吃饭时的席次，父亲坐在上首，他确实也是一家之长，妻子并不和他争家长之位，坐在他的右边，即使在吃饭时也能保持夫妻间的亲密关系。有趣的是孩子们的席位和姿态，最大的女儿无意识地在和母亲竞争，她也要取得父亲的宠爱，坐在父亲的左边，同时做出和母亲一样的姿态。最小的男孩对母亲感兴趣，这也是很正常的，所以他坐在母亲的右边，离父亲较远。第二个孩子也是姑娘，她
玩转家庭	2	由架“二郎腿"看出是否老婆当家对于腿部的姿势到底能传达多少种信息，学者们各有所见，众说纷纭，尚无定论。但是，有两点大家的看法是非常地一致。第一点，腿部有身体语言。关于这个结论，没有任何人怀疑。较常见的腿部动作是“抖动”或“摆动”。譬如：您与情人约会时，对方在约定的时间尚未现身，过了五分、十分钟之际，在您内心必然产生“情人果真会来吗?”之不安感，或是等待了几分钟便感到颓丧的焦躁感。那时候，您的脚一定开始做出小幅度的摆动。虽然有所谓“抖腿散财”的一般说法，可是，据调查结果显示，大多数人在十五分钟后都会开始这一动作。这一行为，在精神身体医学上，可以得到十分合理
玩转家庭	3	从得意忘形到乱了方寸我们常常用“得意忘形”一词来形容那些由于一时的成功而忘忽所以、不能自律的人。得意忘形是从“当其得意，忽忘形骸”而来。语见唐·房玄龄《晋书》卷四十九《阮籍列传》。在描述魏晋“竹林七贤”之一的阮籍时说：“志书宏散，傲然独得，任性不羁”，“闭户视书，累月不出；或登临山水，经日忘归。” “博览群籍，尤好老庄。”“嗜酒能啸，善弹琴。当其得意，忽忘形骸。”阮籍字嗣同，开封人，三国魏时诗人，曾为步兵校尉。阮籍生于魏晋换代之际，因感时伤乱，愤世疾俗，常纵酒谈玄，放浪不羁，得意时忘了自己，不得意时大哭若狂，任意任性，不受拘束。他的五言诗闻名于时。 东晋
玩转家庭	4	别给“第三者”插足留余地“第三者”插足的现象，已经成为一个威胁现代家庭稳定的不可忽视的因素。有的研究婚姻家庭的学者指出，“第三者”插足，是现在离婚率增高的一个重要原因。西方有的身体语言研究者在探讨脚的姿势所传递的信息时，发现两人面对面的站立交谈时，有着封闭性的亲密感，这时，实际上是把第三人封闭在这二人之外，不允许进入。要是两人侧面相对而立，则是开放性的非亲密关系，这是希望有第三人进入。这种观察运用于年轻夫妻的关系上，似乎也能成立。下面，我们就从脚的身体语言信息谈起。无论其当事人如何装出扑克脸(没有表情)，足部往往会无视当事人的“主张”，而不自觉地将其“本
玩转家庭	5	用“体语"跟动物“讲话"西方某大学一对科学家夫妇艾伦·加德纳和比阿特丽斯·加德纳的研究表明，人体语言的历史十分悠久。加德纳夫妇要教猩猩说话，他们研究了许多行为学家失败的教训，因此不用文字语言，而是采用动作和姿势。他们相信，非文字语言是动物行为的组成部分，猴子对人体语言的熟悉足以使人类和它们进行通讯，而猩猩的模仿能力更强，且惯用右手。 加德纳夫妇决定采用美国北部聋哑人所用的哑语对一只名叫沃休的雌性小猩猩上课。这只猩猩完全可以在加德纳夫妇的家里自由地活动，它有玩具，并受到亲热的照料。在它周围的人也只用哑语互相打交道。沃休不久就开始模仿周围人的动作和姿势，但是
玩转家庭	6	没有观众的表演身体语言学者卡莱罗曾说过：“打电话是没有观众的表演。”尤其是在自己家里打电话，更是这样。我们经常不自觉地动作者，不论有没有人在看。这种情形尤以打电话时最为明显。打电话时，你可曾注意过话筒上的电话线?它可能是缠扭着的。不论你是左撇子或右撇子，你常会不经意地将话筒由这只手换到那只手，以便空下另一只手整理电话线。当谈话越来越兴奋、顿挫、激动、或什么的，你可以观察到这些动作会越来越多且越来越频繁。如下人们在打电话时常表现出来的动作。涂鸭。恐怕很少人能指出有谁在打电话时不信手乱划些文字、数字、线条或圈圈等等的。心不在焉的人可以一面讲电话，一面写出一些
玩转家庭	7	在家里，男女平等难“妇女要解放”，“男女要平等”，这是世界妇女解放运动中最为响亮的口号。但是，要真正实现这些口号，是非常不容易的。在家庭，妻子被称为“主妇”。而主妇的含义并不是说她就是一家之主，而往往是指家务应由妇女为主来承担。这叫男人“主外”，女人“主内”。由于这种分工，就容易造成大男子主义，即男人是一家之主，女人是附属于男人的。一旦出现了这样的夫妻心理，家庭的身体语言就会反映出来。比方说，吃饭时，丈夫理直气壮地坐在饭桌的“首席”上，新上来的莱，一般也是丈夫先动筷。更明显的是，如果丈夫在家中跷着“二郎腿”看电视，妻子从外边回来，丈夫并不会立即改变这种姿
玩转舞会	1	先要知道女士是否喜欢你某位先生想请一位小姐跳一曲，他会先向她投去目光，观察一下对方的反应后再决定是否去邀请。当她的目光与这位先生交会时，一般她都能领会他准备邀请的意思。如果她不想跟那位先生跳，一般会迅速移开目光，并伴随着做出别的一些拒绝的动作。因此，学会察颜观色是必要的。下面介绍一些身体动作反映出的心态。请你先仔细观察一下她的坐姿。如果她采取的姿势，那就是说：“我对你有好感，正等待你来邀”。如果她采取“客厅式”坐姿那就是告诉你：“我有点累了，需要休息一下，但要是你真的来请我，也可以陪你跳一曲。”遇到这样的女士，请不请她人池，就由你来定了。只要你请，她会给
玩转舞会	2	被冷落的漂亮妞常言道：“爱美之心，人皆有之。”所以，在舞场上，漂亮女士的“行情”总比不漂亮的好。一般人都会这么认为，但实际上也不尽然。西方有位研究者专门观察了舞场的情况。他说，有些漂亮女子是很难接近的，然而她们的内心却在等待着。什么原因呢?问题就出在身体语言上。这位研究者写道：在一次舞会上，我观察了一位极其漂亮的姑娘。我看见她和一个女朋友站在墙边，她高傲、冷漠，就像童话中的白雪公主一样不可接近。我认识这位姑娘，我知道她根本不是这种人，后来我问她为什么要装得那么孤高。“我不可接近?”这位姑娘感到惊讶地说，“那么那些小伙子呢?没有一个过来和我交谈。我平生很喜
玩转舞会	3	当男女相互触摸之后美国身体语言学研究者朱利·法思特曾在一本书中讲述了下面这些有趣的故事：我有一位朋友是心理学家，有一次举行鸡尾酒会，他向所有客人分寄了邀请参加“沉默的鸡尾酒会”的请帖，请帖上写着：“你们可以碰触、嗅闻、品尝、观看，但你们不许说话，我们将度过一个非文字通讯的晚上。”我和妻子起先对这种做作的邀请有点反感，但又觉得却之不恭，因而还是出席了酒会。出乎意料，我们被这沉默酒会迷住了。房间里的所有坐具全被事先搬走，没有一个可坐的地方，客人们要么站着，要么走来走去。人们跳舞、打手势、做动作、变脸、打哑迷……在所有的客人中，我们只认识一对夫妇，与其他人结识
玩转舞会	4	跳舞似游泳，舞池似泳池身体语言在舞会上有着非常重要的作用，因为舞伴间在跳的过程中，各自要向对方表达什么想法，都是通过动作来完成的。世界许多民族都有独具风格的舞蹈。现在流行的社交舞蹈，多为男女对舞的舞会舞蹈形式。有些人由于不知道舞会上的身体语言，常常闹笑话，往往是乘兴而来，败兴而归。交谊舞会上要注意哪些非语言的沟通呢?首先需要注意服装的整洁，刮光胡子，理好头发，擦亮皮鞋。这些传达出的信息是：魅力。舞会上要优先让女方入座，女方站着、男方却坐着或男方抢女方的座位都是无礼的。 音乐声起，男方至女方面前，点头或鞠躬，右手前伸，表示邀请；女方应站起来接受邀请，一起步
玩转舞会	5	这姿势，舞伴们会觉得你太狂傲狂傲的形象故原与人的站或坐的姿势有关，但主要还是表现在上肢部位的动作上。我们在紧张、精神不安时，常会藉由身体与他人接触来缓和心情。例如受惊时，往往潜意识里会想抓住他人身躯，以求庇护。若无人在身边时，也会抓住自己。这时候自己的手，仿佛是一个极具有安全感的手。而自我接触的典型例子，即为将两手插放。插手通常有二种意思，且手插得愈深，也表示心理压力愈重。第一、表示此刻心情正局促不安、恐慌。例如在工作中出现差错等。当心理压力愈重，则除了手臂插起，身体也会稍微晃动。第二、正处于戒奋的状态，似保镖般的插着手。表示想将对方赶出去，或不与他交谈
玩转舞会	6	眼神及其在舞场上的运用劳夫·瓦多·爱默生说：“人的眼睛和舌头说的话一样多，不需要字典，却能够从眼睛的语言中了解整个世界。”在舞场上，谁也不会大声喧哗或滔滔不绝的说个没完，许多意思，都是用眼睛说出。所以，我们先来了解一下眼神及在舞场上的应用。只有注视到对方的眼睛，彼此的沟通才会建立。有些人在与我们谈话时会使我们感觉很舒服，有些人却会令我们不自在，有些人甚至会看起来不值得信任。这主要是与对方注视我们时间的长短有关。当对方与自己目光接触时间超过全部谈话时间的三分之二，这可能意味着以下两种情形：第一，对方认为你很吸引人，这情形可能包含了瞳孔的扩张，第二，对方怀有
玩转舞会	7	千万莫“盯"人如果有人“盯”着你看，你一定很反感，甚至会产生敌意。在舞场上，有的男士想邀请某女士跳舞，但又吃不准对方的态度，于是，就可能盯她一会。一旦女士发觉你在盯她，她内心里就会生出一种厌恶你的情绪，即使勉强应邀跳一曲，她也绝对不会很投入。所以，千万莫“盯”人。在其他公共场所也一样。“看什么看?”这就是人被“盯”火了时发出的粗叫声。“盯”，换个说法就是“凝视”。关于凝视有两条规则：第一，我们不凝视人。第二，我们只凝视非人。我们可以凝视照片、雕塑、风景，我们也可到动物园去凝视狮子、猴子、大猩猩，我们爱凝视多久就凝视多久，爱怎么看就怎么看，但我们不能凝视人
玩转舞会	8	她的声音误导男性走入歧途日本有一位研究人体语言的学者，他对人的声音的作用进行了研究，认为姿态加声音等于魅力。他写道：我曾经到电视台去参加评审工作，在电视台的大厅中看到一大群既紧张又精神高昂、等待上电视节目的观众，到处都是闹哄哄的吵嘈声音；这时，我听到了节目主持人某某的清晰声音，这个清晰的声音清楚地穿过这些吵嘈的噪音，并且有着震慑压场的作用。这时，我恍然了解到，这声音就是他仗以成名的利器啊!他的音质优美，音量低沉而有力，充满堂堂正正的气象，再加上一口标准的京片子，清楚的语尾音，这些都是他能拥有广大忠实的爱护观念的原因，再说，他的外貌也非常潇洒，这也是许多女
玩转舞会	9	小姐，当心“色情幻迷"什么是色情幻迷呢?就是被某种色情幻想所迷惑，因而受骗上当，陷于无限的痛苦之中。据某杂志报道，有位二十一岁的女青年，是父母的独生女，视为掌上明珠。一切都由着她。她是一个性格开朗、热情活泼的姑娘。在一个工厂做青年团的工作。以前每天晚上都在家与父母一起看电视，或陪伴父母说话、散步。但在一个夏天里，父母发现女儿晚上在家看电视少了，总是吃完饭就骑车出去，到晚上十一点多才回家。父母自然不放心，问她为什么回来这么晚，她总说厂子里组织青年们活动。后来父母暗地了解发现，不是厂子里有活动，而是女儿每晚都去离家不远的一个舞厅跳舞。再进一步了解，这家舞厅风
玩转情场	1	从女人胸脯捕捉“性"信号在身体语言学者罗韦政编译的《肉体语言术》一书中，专门谈到“女性胸部发出“性信号”的问题。书中说，由于不断地进化，使男人和女人胸部的差异更为明显。男人以“宽厚的胸脯”或“毛茸茸的胸脯”来显示男子汉气慨。当男人终日挺着胸时，也不一定就有性意识，因为这是勇敢、刚强的象征。而女性则不然。当女性作出挺着胸脯姿势，特别是遇到男性把胸脯挺得更高者，多半是受潜在的性意识的指使。象征女性的最明显标志，是胸脯上的乳房，而女人在男人跟前挺胸，就是有意识地要把乳房弄得更显眼，以此引起男人的性兴奋，这正好也表明了她自身的性需求。关于这一点，迪斯蒙得·摩里斯
玩转情场	2	情场高手贾拉汉有一位西方研究者，在他所著的有关身体语言学的书中，讲了一个情场高手的故事。他说：“我有一位朋友贾拉汉，他发展出一门多数女性都想获得的学问。他只要一参加宴会，很快就能‘选出’一些女性，然后再挑好一位，在破记录的时间里(有时不到十分钟)，我们就可以看到他与那位女士走出门口，相偕上车，并一起到他的住所。”我甚至看过他在一小时内又回来，重复着这惊人的过程，一个晚上重复两三次。他似乎体内有雷达，能够在适当的时机找到适当的女孩，并且又能使她跟他走。很多人会觉得好奇：他是用什么方法成功的呢?或许你也认识一些像贾拉汉之类的人，并且问过自己这样的问题。 从这
玩转情场	3	求爱，求爱，求的就是“爱"狄更斯在《匹克维克旅游记》中有这样一段描写“这些三五成群围在一起的婆婆妈妈们，似乎正聊得起劲，却不时地将焦急的目光投向旁边的子女身上。他们忆起自己年轻的时候，在这个年龄已经知道卖弄风情，如故意遗失披肩，戴上手套，搁下茶杯等等；虽然看起来似乎是件小事，但或许会演变出令人意想不到的好结局。”这里所说的年轻女性在男性跟前 “故意遗失披肩，戴上手套，搁下茶杯”等“卖弄风情”的动作，实际上就是通过身体语言向异性发出的求爱信号。不仅女性会发出求爱信号，男性也具有同样的本能。在与异性的接触中，能否求爱成功，直接与求爱者的传送和接收求爱姿势的能
玩转情场	4	判别男女亲密度的四种距离对于相识但不熟悉的异性，突然因为同在一个舞场的原因，而想去亲近对方，但是对自己所付出的强烈感觉却又不知所措，此时可用此文介绍的男女间距离所表示的意义。异性接近你的距离，可作为分辨对你的好感及亲近度的根据。掌握这点对于你的舞场活动是非常重要的。①O～十五公分：为贴紧、可以爱抚的距离，是可感受到对方体温，“不需要言语的距离”，大多为夫妇或情侣。②十五～四十五公分：一方伸手即可碰触到另一方的距离。也是跳舞的距离，夫妇或情侣可作亲密沟通，第三者无法插入的距离。③四十五～七十五公分：能轻易碰触到对方的距离。若非夫妇或情侣，则感觉不自然，属微
玩转情场	5	“眉来眼去"都是情几乎所有的人际关系中都离不开互相看视。而在情场上，人们使用得最多的“武器”就是眼睛，眉来眼去都是情。已故西班牙哲学家加塞特在其著作《人和人民》中，把目光看成是从人的内心发出的百发百中的子弹，他认为眼窝、眼睑、虹膜和瞳孔组成了“一台包括舞台和演员在内的完整的戏。”加塞特说，眼睛的肌肉是极其纤细的，所以每一种目光都具有和其它目光不同的细微特点。 目光的名目繁多，有“瞬间目光”、“持久目光”、“直接目光’、“一掠而过的目光”、“勾人心思的目光”，还有“偷看”、“瞟眼”等等。根据加塞特的观点，每一种目光都在告诉我们发出目光的人在干什么，但只有跟
玩转情场	6	姑娘火了，她要叫警察他，名字叫艾伦，往美国的一个小镇上。艾伦年纪已经不小了，因而接触姑娘的愿望也就越来越强烈，以便从中物色他称心如意的对象。艾伦从那小镇来到纽约。一天晚上，他应邀参加好友特德举行的一次盛大鸡尾酒会。在去特德家的路上，艾伦看到他前面有一位漂亮的黑发姑娘正穿过马路，然后沿着人行道蹈罡达。艾伦跟在她后面，对她那种露出邀请意味的步态感到惊讶，她到底是什么意思?艾伦根据那位姑娘的走路神态，即一扭一扭的那种身体语言，判断她是有“那个”意思。于是，他跟了她一个街区，发现他的在场并未引起这位姑娘的注意，同时也发现，尽管如此，她的步态依然如故，这下艾伦满有
玩转情场	7	女人说他很性感这里说的他，是指一位叫迈克的美国青年，他特别招女人们喜欢。迈克长得不算特别漂亮，他举止时髦，但这跟他的吸引力没有关系，看来迈克似乎有一种第六感官，只要有一位姑娘闲着，他就会找到她，或者她会找到他。虽说迈克相貌平平，才华也不过人，但他有一种重要的东西——完善地掌握人体语言并熟练地运用人体语言。如果迈克在一个房间走来走去，他就会自然地发射信息：“你们可以找我，我很有男子气，我很活跃，对一切都能理解。”等到他包围了他选择的对象，就发出如下信号：“我对你感兴趣，我觉得你有魅力，你身上有一些使人激动的东西。”观察一下迈克的行动，看看他以什么形式取得联
玩转情场	8	坐失良机与操之过急男女之间的爱情关系，都是从“结识”开始的。然而，不少小伙子或姑娘，总感到不会接近异性，更谈不上“结识”了。因而，爱情也就无从谈起了。朱利·法思特从身体语言学的角度研究了如何结识姑娘或小伙子。他曾经很生动地讲述了这样一个故事：很久以前，当我还在波士顿当兵时，有一个外出日，一位同事要我跟他一起出去“找姑娘”。在这方面我没有什么经验，于是我就跟着一起去了，详细地观察着我的这位同事。他沿着人行道溜达，对那些他感兴趣的姑娘们正面相视，同时扬起一条眉毛。如果这位姑娘放慢了步子，最后停了下来，并对着她的化妆盒照镜子；或者她继续走路，但把所有的橱窗都一
玩转情场	9	这是“假性爱"，并非真爱你这是一个真实的故事。地点：某饭店的雅间。时间：夏天。人物：男女两位经理，以及男方的女秘书。情节：女经理是某纺织厂的，男经理是某服装公司的。女经理为了向男经理推销一批布料而设宴“边吃边谈”。于是，故事发生了。由于夏天天热，女经理在商谈中，总想把两脚伸得开一些才舒适。又由于同男经理座位较近，所以，几次伸脚都碰到了男经理的脚。男经理有些激动了，他认为女经理向他表示爱意了，或者是他常碰到的那种“色情推销”又出现了。于是，他支开了自己的女秘书，把手伸到桌子下面去摸那女经理的腿。“你想干什么?”女经理愤怒地责问。“我觉得是你让我这样做的。”
