possible_heading_body_glue	temp/007《布局锦囊1.0》/index.md	count_sample=24, stems=['世界', '合众', '布局', '第个', '记住'], examples=[{'line': 277, 'prefix': '记住：80%以上的穷人', 'body_starter': '其实', 'excerpt': '记住：80%以上的穷人其实都是性格缺陷的残疾人（富有先从富有习惯，富有性格开始）；'}, {'line': 353, 'prefix': '记住：不管任何时候，我都把自己', 'body_starter': '当', 'excerpt': '记住：不管任何时候，我都把自己当小白，敬畏常识，敬畏规则，敬畏规律，这是我们投资人生存的基本法则。'}, {'line': 709, 'prefix': '记住：你', 'body_starter': '如果', 'excerpt': '记住：你如果想要从未得到过的东西，就要去做从未做过的事。'}, {'line': 861, 'prefix': '记住：你并没有想象的那么强大', 'body_starter': '当', 'excerpt': '记住：你并没有想象的那么强大当
possible_ad_residue	temp/008《布局锦囊3.0》/index.md	count_sample=3, examples=[{'line': 3999, 'match': '微信号'}, {'line': 4003, 'match': '微信号'}, {'line': 4017, 'match': '微信号'}]
possible_ad_residue	temp/009《布局锦囊2.0》/index.md	count_sample=3, examples=[{'line': 961, 'match': '微信号'}, {'line': 2641, 'match': '微信号'}, {'line': 3927, 'match': '薇信              '}]
possible_ad_residue	temp/《458条人性顶级秘术》/index.md	count_sample=1, examples=[{'line': 10779, 'match': '加我微信'}]
possible_heading_body_glue	temp/《万能厚黑不黑模式》/index.md	count_sample=16, stems=['人性', '记住'], examples=[{'line': 238, 'prefix': '人性：人性，人心', 'body_starter': '想要', 'excerpt': '人性：人性，人心 想要驾驭人性，必须了解人，认识人，你就能无所不能。'}, {'line': 686, 'prefix': '记住：跟着领导混', 'body_starter': '当', 'excerpt': '记住：跟着领导混，当官是迟早的事情；跟着富翁混，发财是迟早的事情：跟着胖子混，发福是迟早的事情，跟着布局学布局也是迟早的事….'}, {'line': 732, 'prefix': '人性谁不自私，人做任何事情都是为了得到自己', 'body_starter': '想要', 'excerpt': '人性谁不自私，人做任何事情都是为了得到自己想要的东西，只有顺应人性本质规律，才能真正驾驭人性，驾驭自己。'}, {'line': 1882, 'prefix': '人性有七大原罪', 'body_starter': '我们', 'excerpt': '
possible_heading_body_glue	temp/《人心探索（操控篇）》/index.md	count_sample=3, stems=['为什'], examples=[{'line': 433, 'prefix': '为什么会这样呢？', 'body_starter': '因为', 'excerpt': '为什么会这样呢？因为他可能因踩到香蕉皮而滑倒并严重骨折过，被足球击中而鼻骨碎裂过。这样的经历会形成香蕉皮和足球会使人致残致死的错误认识。这还容易理解，但有的人的恐惧更为奇怪，看似无法理解。比如有人经历了一次公交车事故，自己垂死挣扎了两个小时终于获救，但是事后，只要一见到公交车就避之唯恐不及，宁可走一个小时的路去上班。这就是乘车恐惧症。'}, {'line': 1241, 'prefix': '为什么压力会使人难以克制自己的行？要回答这个问题', 'body_starter': '我们', 'excerpt': '为什么压力会使人难以克制自己的行？要回答这个问题，我们首先要简单了解大脑是怎样控制我们的行为的。不同的行为，由大脑深处不同的原始部位控制着。这些部位存储着人类的原始冲动，其神经细胞释放神经递质或激素（多去甲肾上腺素和多巴胺），受体细胞与之结合，表现出相应的原始兴
low_heading_density	temp/《人性商战(线下3天2夜全文字版)》.md	chars_per_heading=68684
possible_ad_residue	temp/《人性商战(线下3天2夜全文字版)》.md	count_sample=4, examples=[{'line': 792, 'match': '加我微信'}, {'line': 792, 'match': '加我微信'}, {'line': 803, 'match': '加我微信'}, {'line': 901, 'match': '微信号'}]
possible_heading_body_glue	temp/《人性商战(线下3天2夜全文字版)》.md	count_sample=30, stems=[], examples=[{'line': 8, 'prefix': '所以现在同学让', 'body_starter': '我们', 'excerpt': '所以现在同学让我们发生关系吗？同学关系不要乱想。你看刚刚我要批评一下我们现场的这些男同胞，就握手环节专门给你们设计一下，还看不出来吗？还几个大男人互相过来过去，或者恋恋不死，你们几个有什么好问的那目标客户在哪里还不知道啊，我们团队每一次。重新学习，遇到这样的环节，老师说可以跟同学们的伙伴可以握一下手。我吴老师都这样子，那孩子我让你开，所以大家来这里三天学习，'}, {'line': 17, 'prefix': '上午我重点为', 'body_starter': '大家', 'excerpt': '上午我重点为大家分享的是人性导航图，揭秘一下人性是怎么回事。人其实之所以在这个世界，之所以遇到一些问题，遇到一些痛苦，遇到一些障碍，主要的核心关键就是因为对人缺乏了解。我们说很简单，你今天遇到的问题就是因为你大脑中缺少一个导航骨来学习的目的就是。'}, {'line': 18, 'pref
possible_heading_body_glue	temp/《人性天眼》/index.md	count_sample=30, stems=[], examples=[{'line': 28, 'prefix': '其实，从', 'body_starter': '我们', 'excerpt': '其实，从我们屡屡受挫的人生经历中，不难发现，事物的本质与真相和大众认知是反着来的，比如——你会发现，越是内心自卑的人，他往往外在会刻意表现得越自信，很刻意的去证明自己.…你会发现，越是拼了命的去追求一个自己所谓喜欢的女人（男人），越是很难追到….你会发现，越是一心想着赚钱，一心想要发财的人，越是很难赚5'}, {'line': 32, 'prefix': '◎人性天眼到钱……你会发现', 'body_starter': '当', 'excerpt': '◎人性天眼到钱……你会发现，当你做事越不想犯错，就越会犯错.…你会发现，越是想得到一样东西的时候，越难得到.为什么大部分人都觉得自己好像用尽了全力，但是现实结果却总是啪啪打脸，我们离我们要的东西，越来越吃力因为，我们都搞反了，我们都开启了人生的最难模式！'}, {'line': 39, 'prefix': '即使犯错与失败，都是成事的必
possible_heading_body_glue	temp/《人性宝典2.0》/index.md	count_sample=6, stems=['人性'], examples=[{'line': 61, 'prefix': '人性群体特性：喜欢从众', 'body_starter': '当', 'excerpt': '人性群体特性：喜欢从众。当个体融入群体中，个性会淡化，思考能力会降低，甚至丧失。'}, {'line': 62, 'prefix': '人性不恒定特性', 'body_starter': '当', 'excerpt': '人性不恒定特性：当没有利益纠葛时人性可能是善的，当利益小时人性可能是自私的，当利益足够大时人性可能是恶的。'}, {'line': 623, 'prefix': '人性都是“自私”的！', 'body_starter': '很多', 'excerpt': '人性都是“自私”的！很多时候，人们的心态往往是：“事'}, {'line': 892, 'prefix': '人性是有习惯特性的，当', 'body_starter': '一个', 'excerpt': '人性是有习惯特性的，当一个行为形成习惯之后，就会觉得是自然的了。利用这个人性，商家喜欢用免费
possible_heading_body_glue	temp/《人性密码》/index.md	count_sample=30, stems=[], examples=[{'line': 131, 'prefix': '- 084、活得太焦虑', 'body_starter': '因为', 'excerpt': '- 084、活得太焦虑，因为你把人牛过反了⋯ --160'}, {'line': 138, 'prefix': '当李舟长大些后，还是没想遵，为啥', 'body_starter': '大家', 'excerpt': '当李舟长大些后，还是没想遵，为啥大家对梁祝这样的故亭，如此迷恋？'}, {'line': 141, 'prefix': '一个社会越差什么，也会主动宜传什么，为啥', 'body_starter': '大家', 'excerpt': '一个社会越差什么，也会主动宜传什么，为啥大家对牛郎织女的爱情信加推？'}, {'line': 148, 'prefix': '大家都知道', 'body_starter': '一个', 'excerpt': '大家都知道一个词，叫做潜规则.最常用的地方，就是在娱乐图，小满员想报戏，就得先去跟导减谈谈心。'}, {'line
possible_ad_residue	temp/《人性底层模型1.0》/index.md	count_sample=5, examples=[{'line': 338, 'match': '微信号'}, {'line': 843, 'match': '微信扫码'}, {'line': 843, 'match': '微信扫码'}, {'line': 1264, 'match': '微信号'}, {'line': 1499, 'match': '微信号'}]
possible_heading_body_glue	temp/《人性底层模型1.0》/index.md	count_sample=30, stems=[], examples=[{'line': 18, 'prefix': '更直白的来说就是你要实现', 'body_starter': '一个', 'excerpt': '更直白的来说就是你要实现一个身份的互换，把你放置在你用户的那个身份位置上，来思考一下他的过程和经历，通过这样的思考方法，能够更好的去满足用户的需求。'}, {'line': 19, 'prefix': '这里我们来举', 'body_starter': '一个', 'excerpt': '这里我们来举一个简单例子，假如说你是搞装修的，那么你就要去思考一下你的客户来找你之前和来找你之后，他分别会干些什么。'}, {'line': 23, 'prefix': '经过很简单的思考', 'body_starter': '我们', 'excerpt': '经过很简单的思考，我们就可以想得出来，用户在找我们搞装修之前需要做的事情：需要看房买房，需要去买家装材料，需要去设计网站上了解一些装修设计的基础知识，等等等等。'}, {'line': 26, 'prefix': '除此之外',
possible_heading_body_glue	temp/《人性底层模型2.0》/index.md	count_sample=21, stems=['决策', '反事', '思维', '思考', '总结', '我们', '损失', '模型', '能力', '蝴蝶', '非线'], examples=[{'line': 137, 'prefix': '决策树 Decision Tree，由', 'body_starter': '一个', 'excerpt': '决策树 Decision Tree，由一个决策图和可能的结果（包括资源成本和风险）组成，即一种通过图示罗列解题的'}, {'line': 139, 'prefix': '决策，不仅可以帮助', 'body_starter': '人们', 'excerpt': '决策，不仅可以帮助人们理解问题，还可以帮助人们解决问题。决策树是一个利用像树一样的图形或决策模型'}, {'line': 613, 'prefix': '总结；在不平衡性思维中', 'body_starter': '我们', 'excerpt': '总结；在不平衡性思维中我们换一种角度思考，矛盾是常态，哪里有矛盾，哪里就有机会。巨石崩裂时，有人看见了恐惧，有人看见了光。'
possible_heading_body_glue	temp/《人性心法》/index.md	count_sample=30, stems=[], examples=[{'line': 4, 'prefix': '人性决定了你的上限', 'body_starter': '一个', 'excerpt': '人性决定了你的上限一个人不可能拥有超越自己人性的人格、能量、金钱和格局'}, {'line': 37, 'prefix': '你甚至无法定义它', 'body_starter': '因为', 'excerpt': '你甚至无法定义它，因为它太大，你只能描述它，但又无法描述精准，也无法通过三言两语说得清楚，唯一稍微靠得住的方法 ）'}, {'line': 44, 'prefix': '他们会因为性焦虑辗转反侧，把自己全家的财富都交给', 'body_starter': '一个', 'excerpt': '他们会因为性焦虑辗转反侧，把自己全家的财富都交给一个根本不爱自己的女人，仅仅是为了所谓的上床和繁殖。他们也会因为不安全感而死死抱住一个自己根本不喜欢、每天生不如死的工作，不敢辞职，甚至不敢找工作。他们都想有钱，都想成功，但是他们却喜欢骗自己只要自己好好规划，一步一个脚印，就可以1
possible_heading_body_glue	temp/《人性成败拿捏》/index.md	count_sample=30, stems=[], examples=[{'line': 17, 'prefix': '关于这个问题，几千年来都没', 'body_starter': '有一个', 'excerpt': '关于这个问题，几千年来都没有一个明确的答案。如果我们非要绝对地讨论出是非对错，反而掉进了二元对立思维的误区。'}, {'line': 19, 'prefix': '当我们喜欢用是非对错来评判某件事、某样东西、某个行为时，说明', 'body_starter': '我们', 'excerpt': '当我们喜欢用是非对错来评判某件事、某样东西、某个行为时，说明我们的认知格局还不够高。面对万干世界，我们每个人的知识都太有限了，我们对事物的评判都受控于现有的认知•…'}, {'line': 22, 'prefix': '当我们想要单纯在人性的善与恶之间做一个绝对划分时，说明', 'body_starter': '我们', 'excerpt': '当我们想要单纯在人性的善与恶之间做一个绝对划分时，说明我们还并未真正成熟。那在我们已有的认知下，唯一可以界定的是什么呢？是人性中都
possible_heading_body_glue	temp/《人性探索大师2》/index.md	count_sample=30, stems=[], examples=[{'line': 20, 'prefix': '“梅西先生，我想你一定会很好奇，为什么我这样', 'body_starter': '一个', 'excerpt': '“梅西先生，我想你一定会很好奇，为什么我这样一个文质彬彬的人会如此穷困潦倒呢？”'}, {'line': 32, 'prefix': '“工程界最有能力的主管先生，你是否愿意让', 'body_starter': '一个', 'excerpt': '“工程界最有能力的主管先生，你是否愿意让一个电机系毕业生，以不支付薪酬的方式工作 1 个月，来表现他的能力？本人正是电机系毕业的高才生，对公司非常忠诚，做事可靠、有耐心、平易近人，能与同事和睦相处。本人充满热诚，并不断地充实自己。”'}, {'line': 38, 'prefix': '通过以上分析', 'body_starter': '我们', 'excerpt': '通过以上分析，我们发现这两个故事中的年轻人并不简单，他们利用心理操纵术一步一步赢得了老板的好感。当然，前提是他们本身就有很好的说话办事能
possible_heading_body_glue	temp/《人性探索大师3》/index.md	count_sample=30, stems=[], examples=[{'line': 11, 'prefix': '金钱、地位、豪宅、名车……太多的诱惑、太多的欲望给', 'body_starter': '现代', 'excerpt': '金钱、地位、豪宅、名车……太多的诱惑、太多的欲望给现代人带来了太多的压力和痛苦。人生若看不破“名利”两字，就会束缚了人的本真，让自己身心疲惫不堪。要想破解这一困扰，就得以平常心为人处世。不必为眼前得到的利益而沾沾自喜，也不必为眼前失去的利益而烦恼丛生，要始终保持一种宁静自然的心态，学会淡泊，知足常乐，用一颗平常心去平常地生活，活得实实在在，活得快快乐乐。'}, {'line': 15, 'prefix': '为什么这么多人都在为名利而奔波呢？', 'body_starter': '因为', 'excerpt': '为什么这么多人都在为名利而奔波呢？因为人活在世上，无论贫富贵贱，穷2'}, {'line': 19, 'prefix': '诚然，名利能给人带来巨大的物质利益，能满足人的面子思想。但', 'body_starter': '如果', '
possible_heading_body_glue	temp/《人性真相》/index.md	count_sample=30, stems=[], examples=[{'line': 20, 'prefix': '为什么你总是被欺负？', 'body_starter': '因为', 'excerpt': '为什么你总是被欺负？因为你不懂人性，过分善良就是一种纵容；'}, {'line': 21, 'prefix': '为什么你总是被欺骗？', 'body_starter': '因为', 'excerpt': '为什么你总是被欺骗？因为你不懂人性，交浅言深是大忌。'}, {'line': 22, 'prefix': '为什么你总是被利用？', 'body_starter': '因为', 'excerpt': '为什么你总是被利用？因为你不懂人性，飞乌尽良，弓藏，狡兔死，走狗烹。'}, {'line': 23, 'prefix': '为什么你总是成为棋子和炮灰？', 'body_starter': '因为', 'excerpt': '为什么你总是成为棋子和炮灰？因为你不懂人性，这个社会有两套规则，一套是显性的，一套是隐性的。'}, {'line': 39, 'prefix': '
possible_ad_residue	temp/《人性真言》/index.md	count_sample=1, examples=[{'line': 815, 'match': '加我微信'}]
possible_heading_body_glue	temp/《人性社交思维手册》/index.md	count_sample=30, stems=[], examples=[{'line': 41, 'prefix': '人性社交职场沟通思维手册你好，我是mona', 'body_starter': '很多', 'excerpt': '人性社交职场沟通思维手册你好，我是mona，很多人混到现在一事无成，或自认为一事无成。还有很多人混到现在感觉很失败，或不成功。'}, {'line': 43, 'prefix': '我们羡慕着社会上每', 'body_starter': '一个', 'excerpt': '我们羡慕着社会上每一个成功人士，羡慕着身边的有钱人，羡慕着身边每一辆呼啸而过的名车。'}, {'line': 45, 'prefix': '是啊，我怎么会混得这么差？', 'body_starter': '当', 'excerpt': '是啊，我怎么会混得这么差？当年班里（周围）不如我的那个家伙怎么现在这么发达？'}, {'line': 54, 'prefix': '人的一生，不能百年孤独，总要有朋友', 'body_starter': '如果', 'excerpt': '人的一生，
possible_heading_body_glue	temp/《人性纵横说1.0》/index.md	count_sample=4, stems=['人性'], examples=[{'line': 200, 'prefix': '人性是什么？', 'body_starter': '首先', 'excerpt': '人性是什么？首先是生存的本能吧！这是与生俱来的，起码这个解决了，才能谈什么仁义道德吧！'}, {'line': 532, 'prefix': '人性都是“自私”的！', 'body_starter': '很多', 'excerpt': '人性都是“自私”的！很多时候，人们的心态往往是：“事不关己，高高挂起”'}, {'line': 1080, 'prefix': '人性都是利己的！', 'body_starter': '如果', 'excerpt': '人性都是利己的！如果可以选择话，人会首先选择，对自己有利的那个。如果你不想被对方拒绝，你可以“特意"给对方，制造两个选择！'}, {'line': 1436, 'prefix': '人性都是”慕强”的，洗脑者通常把自己装扮成', 'body_starter': '所谓', 'excerpt': '人性都是”慕强”的，洗脑者通
possible_ad_residue	temp/《人性背后隐藏的邪恶密码》/index.md	count_sample=1, examples=[{'line': 1895, 'match': '加我微信'}]
possible_heading_body_glue	temp/《人性艺术-内心电影剪辑师》/index.md	count_sample=3, stems=['如何'], examples=[{'line': 683, 'prefix': '如何养成快乐的习惯', 'body_starter': '我们', 'excerpt': '如何养成快乐的习惯我们的自我意象和习惯是结合在一起的。其中一方改变了，另一方也会自动地改变。“习惯”（habit）一词原来是一件衣服或一块布。我们现在还说 riding habit（骑马服）和 habiliments（服装），这反映出习惯的真正本质。我们的习惯完全就是个性的外衣，它们不是偶然的或偶发的。我们的习惯就象衣服一样合身。'}, {'line': 970, 'prefix': '如何消除旧的情感伤疤实行上述三项原则', 'body_starter': '我们', 'excerpt': '如何消除旧的情感伤疤实行上述三项原则，我们能够防止感情上留下伤疤。但是对于在过去已经形成的感情上的伤疤—往日的伤害、怨恨、懊悔、愤怒又该怎样处理呢？一旦形成感情上的伤疤，只有一种可行的方法，那就是动手术消除它，就象消除肉体的伤痕一样自己进行精神上的美容手术要除去旧的感情伤疤，你
possible_heading_body_glue	temp/《人性逆袭绝技》/index.md	count_sample=30, stems=[], examples=[{'line': 22, 'prefix': '可是在现实生活中，我们', 'body_starter': '很多', 'excerpt': '可是在现实生活中，我们很多人呢都会有一种困惑，赞美别人的时候，容易表现的刻意显得不够真诚，那到底该怎么破呢？如何夸人才显得真诚，怎么赞美才不露痕迹呢？在这个章节里，咱们就初步奠定基础，跟大家了解一下如何赞美才真诚的两个前提。同时呢也通过分析赞美第一套功夫的四种应用法，让你了解一下如何赞美对方于无形之间，又让对方感觉非常之爽。好了，咱们先来了解第一个关键问题，'}, {'line': 23, 'prefix': '一般在什么条件下，什么前提下，赞美才会显得更真诚呢？', 'body_starter': '一般', 'excerpt': '一般在什么条件下，什么前提下，赞美才会显得更真诚呢？一般呢在两个条件同时具备的时候，才会显得更真诚。那第一个条件呢就是他有你没有第二个条件呢，就是你真心很羡慕这两个条件同时具备的时候，就自然会让人觉得很真诚。'}, {'line': 30,
possible_heading_body_glue	temp/《人类欺骗行为解读》/index.md	count_sample=30, stems=[], examples=[{'line': 9, 'prefix': '因为他们很穷。他们想表达的意思', 'body_starter': '其实', 'excerpt': '因为他们很穷。他们想表达的意思其实就是“我希望我是富有的”。其实，你也一样。'}, {'line': 11, 'prefix': '在上次金融危机之中，就有', 'body_starter': '很多', 'excerpt': '在上次金融危机之中，就有很多骗子赚得了巨额的财富，上百万美元的合约！十亿美元的红利！有些被炒鱿鱼、被逮捕或者被除名的人，甚至摘到了六位？七位？八位数吧！他们是怎么做到的呢？他们用的招数就是欺骗。看看这些令人振奋的例子吧，比如巴瑞•邦兹、帕里斯 •希尔顿、乔治•W.布什；以及一些骗子公司，比如肯•雷、伯尔尼•艾伯斯、房利美、美国国际集团；以及全能的商界女豪杰、'}, {'line': 24, 'prefix': '第三编是“', 'body_starter': '如果', 'excerpt': '第三编是“如果你被抓到会怎么样”就算是你严格遵
possible_ad_residue	temp/《人脑操控力》/index.md	count_sample=2, examples=[{'line': 1033, 'match': '一手电子书'}, {'line': 1219, 'match': '一手电子书'}]
possible_heading_body_glue	temp/《冷读术》/index.md	count_sample=30, stems=[], examples=[{'line': 16, 'prefix': '我很喜欢面试，可说是乐此不疲。因为能够透过短暂的交谈来认识人', 'body_starter': '当', 'excerpt': '我很喜欢面试，可说是乐此不疲。因为能够透过短暂的交谈来认识人。当然，在十几分钟的互动中就要立刻打分数，甚至可能就此决定对方的生涯，是个不简单的考验。所以我比一般人更需要较强的能力去“阅读”人，用这本书的概念来说，我需要具备较佳的“冷读术”。'}, {'line': 27, 'prefix': '近年来，我致力于推广“We(', 'body_starter': '我们', 'excerpt': '近年来，我致力于推广“We(我们)的概念，东海大学卓越教学计划中就有一个以“We are/We share/We care(我们是、我们分享、我们关怀）”为主题的关怀服务教育。'}, {'line': 31, 'prefix': '人人都同意“寻求好的发展”', 'body_starter': '因为', 'excerpt': '人人都同意“寻求
possible_heading_body_glue	temp/《坏人基因》上册.md	count_sample=16, stems=['坏人', '故事'], examples=[{'line': 992, 'prefix': '故事 3：卖瓜瓜不甜〖', 'body_starter': '一个', 'excerpt': '故事 3：卖瓜瓜不甜〖一个负责的和尚，即使中午要还俗，早上该撞的钟也不会漏。〗“我有把握，十个走进来，最少留下五个。”小梅的嘴角往上挑挑，又往下撇撇。'}, {'line': 1124, 'prefix': '故事 2', 'body_starter': '当', 'excerpt': '故事 2：当蜜月过去的时候〖结果，你不但失去了钱，也失去了朋友。〗“喂！”一听是魏老板的声音，康老板心里就笑了。果然吧！他要添货，而且急如星火。少不得要调侃他两句：“早告诉你，一次多进点，保证好卖，你不听，现在我就算给你赶工做出来，也得两个礼拜。”康老板停了一下，豪爽地笑笑，“好好好！看在老交情，我先调一批现成的，立刻给你...上一批的钱？还怕你跑了吗？跟这'}, {'line': 1262, 'prefix': '故事 3：五折大采购〖', 'body_start
possible_ad_residue	temp/《坏术大师》/index.md	count_sample=1, examples=[{'line': 1008, 'match': '薇信     '}]
possible_heading_body_glue	temp/《大心机1》/index.md	count_sample=30, stems=[], examples=[{'line': 4, 'prefix': '很多时候', 'body_starter': '我们', 'excerpt': '很多时候，我们需要戴着面具生活，在不同的场合，对待不同的人，我们要用不同的表情、不同的语言、不同的方式来应对，这种应对本身就是心机。可长期以来，“心机”一词总是被人们所误解，一个人一旦被贴上了“有心机”的标签，就会遭到人们的冷眼，将其与“诡计多端”划上等号。其实，心机是一种为人处世的智慧和谋略，而并非害人的诡计。《大心机》不是让教使奸弄诈算计他人，而是要懂得'}, {'line': 6, 'prefix': '聪明的人之所以聪明，成功的人之所以成功，就是因为他们比', 'body_starter': '一般', 'excerpt': '聪明的人之所以聪明，成功的人之所以成功，就是因为他们比一般人多了一些心机。有心机的人会时刻注意辨人识人，营造和谐的人际关系网，知道何为“难得糊涂”，懂得进退有度，因而能在各种人生场景中游刃有余、左右逢源。玩转心计，既能防止别人的暗箭明枪伤害到自己，同时也可
possible_heading_body_glue	temp/《大心机2》/index.md	count_sample=30, stems=[], examples=[{'line': 6, 'prefix': '一般来说，声音可以表现', 'body_starter': '一个', 'excerpt': '一般来说，声音可以表现一个人的内心活动、性格、人品，等等，有时还可以预测一个人的前途。当我们从脸部表情、动作、言辞无法掌握对方心态时，从声调去揣摩对方的喜怒哀乐等情绪变化就是一条很好的途径。'}, {'line': 7, 'prefix': '1．高亢尖锐的声音声音高亢者', 'body_starter': '一般', 'excerpt': '1．高亢尖锐的声音声音高亢者一般较神经质，对环境有强烈的反应，如房间变更或换张床则睡不着觉、富有创意与想象力、美感极佳、不服输、讨厌向人低头、说起话来滔滔不绝、常向他人灌输自己的观点。面对这种人不要给予反驳，表现谦虚的态度即可使其深感满足。'}, {'line': 13, 'prefix': '男性带有温和沉着声音者乍看上去显得老实', 'body_starter': '其实', 'excerpt': '男性带有温和沉着声音者乍看上去
possible_heading_body_glue	temp/《天之卷：强者修炼手册》/index.md	count_sample=13, stems=['强者'], examples=[{'line': 17, 'prefix': '强者之所以成为强者，还', 'body_starter': '因为', 'excerpt': '强者之所以成为强者，还因为强者比你多思考了一个问题—为何活着？'}, {'line': 532, 'prefix': '强者只有两大特色啊，第', 'body_starter': '一个', 'excerpt': '强者只有两大特色啊，第一个，要么非常有实力啊，第二个，要么非常有规则。'}, {'line': 579, 'prefix': '强者都有一颗强大的心脏，知道自己与人类都是禽兽，知道', 'body_starter': '所谓', 'excerpt': '强者都有一颗强大的心脏，知道自己与人类都是禽兽，知道所谓的文明是更高级的伪装！'}, {'line': 690, 'prefix': '强者思维35：红尘的变与不变', 'body_starter': '我们', 'excerpt': '强者思维35：红尘的变与不变我们都在红尘中，强者亦在红尘中体现不变
possible_heading_body_glue	temp/《天机38局》/index.md	count_sample=30, stems=[], examples=[{'line': 35, 'prefix': '什么是见死不救？就是你会发现，其实真正', 'body_starter': '很多', 'excerpt': '什么是见死不救？就是你会发现，其实真正很多的高人，他们都是惜字如金的。'}, {'line': 41, 'prefix': '见路不走', 'body_starter': '首先', 'excerpt': '见路不走。首先路是什么路？路就是前人总结出来的经验和方法。'}, {'line': 42, 'prefix': '什么是见路不走？就是当', 'body_starter': '我们', 'excerpt': '什么是见路不走？就是当我们去处理问题的时候，我们解决的思路不能混在你已有的经验和方法当中，而是你要结合自身的客观条件。还有就是当下遇到的真实情况，你再去摸索一套适合自己的路。'}, {'line': 43, 'prefix': '你要知道，有的时候摆在你面前的那条路其实就是一条死路', 'body_starter': '因为', 'excerpt
possible_heading_body_glue	temp/《富人机密手稿》/index.md	count_sample=30, stems=[], examples=[{'line': 9, 'prefix': '富人做事前先看积极和光明', 'body_starter': '穷人', 'excerpt': '富人做事前先看积极和光明，穷人光看消极和失败的一面；'}, {'line': 10, 'prefix': '富人不安分，有赚钱的野心', 'body_starter': '穷人', 'excerpt': '富人不安分，有赚钱的野心，穷人吃饱、喝足、安逸"ok"；'}, {'line': 11, 'prefix': '富人字典里没有"不可能"', 'body_starter': '穷人', 'excerpt': '富人字典里没有"不可能"，穷人字典里常常是"不可能"；'}, {'line': 12, 'prefix': '富人热爱工作，工作并快乐着', 'body_starter': '穷人', 'excerpt': '富人热爱工作，工作并快乐着，穷人则热爱休息，工作并痛苦着；'}, {'line': 13, 'prefix': '富人喜欢与人合作，为了壮大力量', 'bo
possible_ad_residue	temp/《布局系统2.0》/index.md	count_sample=3, examples=[{'line': 1781, 'match': '加我微信'}, {'line': 584, 'match': 'VX'}, {'line': 679, 'match': 'VX'}]
possible_heading_body_glue	temp/《布局系统2.0》/index.md	count_sample=30, stems=['云创', '但是', '充值', '动作', '因为', '如果', '我们', '执行', '易到', '比如', '点你', '生产', '简单'], examples=[{'line': 28, 'prefix': '如果人人能聚焦，一定能成点事情，现在知识太多了', 'body_starter': '我们', 'excerpt': '如果人人能聚焦，一定能成点事情，现在知识太多了，我们只需要学当下最本质，最关键需要学的，而不是什么都学，懂了就懂了⋯什么设计，文案，人才，团队培训，财务管理，以及品牌运营，根本不需要自己去学，要么找一个优秀的员工，分钱给他/她。要么外包出去。'}, {'line': 119, 'prefix': '但是高手一旦确定了目标', 'body_starter': '如果', 'excerpt': '但是高手一旦确定了目标，如果实在抹不开这个聚会，他也会晚上加班把这本书搞定。'}, {'line': 142, 'prefix': '我们针对目标，必须拥有两面性，不是单方面去看', 'body_starter
possible_ad_residue	temp/《布局系统》/index.md	count_sample=2, examples=[{'line': 1176, 'match': '微信扫码'}, {'line': 2999, 'match': '微信扫码'}]
possible_heading_body_glue	temp/《开窍开悟开智1》/index.md	count_sample=30, stems=[], examples=[{'line': 9, 'prefix': '麻烦别人是一种拉近关系的方式在感情当中', 'body_starter': '我们', 'excerpt': '麻烦别人是一种拉近关系的方式在感情当中，我们总说，女孩子要适当的麻烦男生，让他帮你做一点事情，这样才能让他有存在感，激发他的保护欲，哪怕有的时候，你真的不需要他的帮忙，也要故意制造一些机会。'}, {'line': 10, 'prefix': '这种方式同样适用于人际关系当中', 'body_starter': '很多', 'excerpt': '这种方式同样适用于人际关系当中，很多人特别害怕麻烦别人，不是怕被别人拒绝，就是怕欠人情，其实麻烦别人换一种角度去看，是在变相给别人释放价值的机会但是你的方式、态度、技巧要掌握好，不要让别人觉得好像是理所应当   也不要丢给别人一个很棘手的＂忙“去让人家帮，一定是在对方力所能及的范围内的。'}, {'line': 11, 'prefix': '有些人不麻烦别人，是不想被麻烦', 'body_starter': '因为
possible_ad_residue	temp/《开窍开悟开智1》PDF.md	count_sample=3, examples=[{'line': 364, 'match': '加微信'}, {'line': 1214, 'match': '加微信'}, {'line': 1214, 'match': '加微信'}]
possible_heading_body_glue	temp/《开窍开悟开智1》PDF.md	count_sample=9, stems=['一个', '不是', '免费', '别人', '向上', '如何', '强者', '没有', '真正'], examples=[{'line': 38, 'prefix': '一个老板能让', 'body_starter': '很多', 'excerpt': '一个老板能让很多人愿意跟随他，绝不是因为他在某个技术上有多厉害，而是他善于给别人构建梦想，让别人对他构建的梦想有期待，有盼头。很多男的一无所有，仅凭租的一辆豪车，就能到处骗色骗钱，并且还可以同一时间骗很多个人，因为他擅长给对方造梦，制造一种有钱人的梦，和对爱情的憧憬，让对方对自己有了很美好的心理期待。这不是说要宣扬行骗，而是当我们掌握这种给别人“造梦”的能力'}, {'line': 182, 'prefix': '一个从来不想得罪人，不敢得罪人的人是很难做成事的，这就好比', 'body_starter': '一个', 'excerpt': '一个从来不想得罪人，不敢得罪人的人是很难做成事的，这就好比一个人从来不敢吃苦，不敢吃亏，一直躲在安全地带，是永远不可能成长的，人生没有受过伤
possible_heading_body_glue	temp/《开窍开悟开智2》/index.md	count_sample=4, stems=['不得', '人性', '人生', '女人', '婚姻', '孩子', '情侣', '成年', '提高', '男人', '看透', '窥探', '职场', '让你', '让自', '轻松'], examples=[{'line': 1271, 'prefix': '女人需要的是物质和精神', 'body_starter': '当', 'excerpt': '女人需要的是物质和精神，当你物质上无法满足她的时候，她对你精神上的要求，就会相应提高。但是，没钱的男人，通常精神状态上也处于低谷，这才是贫贱夫妻百事哀的真相。马行无力皆因瘦，人不风流只因贫，没有哪段婚姻是在浪费时间。如果它没有给你想要的，那它教会了你什么是你不想要的。结婚一步错，步步错，等你了解他的人品以后再确定关系，求婚了再同u，提亲了再结婚，结婚后，过了'}, {'line': 1386, 'prefix': '女人们，我告诉你们一件事', 'body_starter': '如果', 'excerpt': '女人们，我告诉你们一件事，如果你想留住一个男人，就不要天天做贤妻良母，洗衣服
possible_heading_body_glue	temp/《开窍开悟开智4》/index.md	count_sample=30, stems=[], examples=[{'line': 18, 'prefix': '我想聊聊哲学是怎么拯救我的，他很彻底的改变了我的初始逻辑', 'body_starter': '如果', 'excerpt': '我想聊聊哲学是怎么拯救我的，他很彻底的改变了我的初始逻辑。如果你能看明臼后面内容以后，每当你遇到迷茫焦虑自我怀疑的时候，你会感受到古代先贤的力量，帮你祔开枷锁，进入那个自由之境。'}, {'line': 27, 'prefix': '你拿茶叶去和药，比他', 'body_starter': '当', 'excerpt': '你拿茶叶去和药，比他当然无用，不能强身健体，不能去病消灾。但是如果你不拿它有用无用这个标准来衡量它，那么他就是汲取了天地精华，吸收了草木灵气的一捧玉露，一杯释然，一碗沧桑，一壶漂泊，它能承载苏东坡的一世离别，它能灌满李清照的一生幽怨。它能用一杯黄绿剔透的茶坊，浸染上下五千年的中华文化，无欲无求，天地都是你的。'}, {'line': 32, 'prefix': '中国自古有两个极其致命的诅咒啊', 'body_star
possible_heading_body_glue	temp/《成长人性》/index.md	count_sample=30, stems=[], examples=[{'line': 9, 'prefix': '亲情、爱情、友情出生命运原生家庭经历年龄', 'body_starter': '穷人', 'excerpt': '亲情、爱情、友情出生命运原生家庭经历年龄穷人与穷贫穷是无知穷人的自卑贫穷本质运气与智慧读书什么样的书命运智慧学习与出路正视无知保留自我价值才干与仕途卑微时铺路低谷熬智慧人之开窍开窍早晚强势文化'}, {'line': 20, 'prefix': '从整个社会大环境来看', 'body_starter': '一个', 'excerpt': '从整个社会大环境来看一个人的成功无非是两种，一种是以占有资源的多少来衡量，一种是以占有稀缺资源来衡量。总体上来看人类社会中一般就是以这两个角度看待成功。其实也可以理解为一个是数量，一个是质量。'}, {'line': 40, 'prefix': '足”。迷恋道德得人往往是伟大的，他们把所有人类看作为', 'body_starter': '一个', 'excerpt': '足”。迷恋道德得人往往是伟大的，他们把所有人类看作
possible_heading_body_glue	temp/《格商》/index.md	count_sample=30, stems=[], examples=[{'line': 16, 'prefix': '王宝强大兄弟腼腆地说：“', 'body_starter': '大家', 'excerpt': '王宝强大兄弟腼腆地说：“大家叫我傻根叫了三四年了。和马蓉离婚后大家改口了吧？我已经把自己看得很轻了，为什么还是不能和你一起飞翔？”'}, {'line': 21, 'prefix': '反正我没办法，你有办法你上，看你能不能叫醒', 'body_starter': '一个', 'excerpt': '反正我没办法，你有办法你上，看你能不能叫醒一个在头脑、心理、人格上已经睡着了的人。'}, {'line': 24, 'prefix': '第二种人相', 'body_starter': '当', 'excerpt': '第二种人相当聪明，除了经验，他也懂得一些分析世道人心的方法。'}, {'line': 25, 'prefix': '第一种人，则具有一套面对世界的认知框架，而且这套认知框架还相', 'body_starter': '当', 'excerpt': '第一种人，
possible_heading_body_glue	temp/《格商》PDF版/index.md	count_sample=30, stems=[], examples=[{'line': 16, 'prefix': '王宝强大兄弟腼腆地说', 'body_starter': '大家', 'excerpt': '王宝强大兄弟腼腆地说：大家叫我傻根叫了三四年了。和马蓉离婚后大家改口了吧？我已经把自己看得很轻了，为什么还是不能和你一起飞翔？”'}, {'line': 21, 'prefix': '反正我没办法，你有办法你上，看你能不能叫醒', 'body_starter': '一个', 'excerpt': '反正我没办法，你有办法你上，看你能不能叫醒一个在头脑、心理、人格上已经睡着了的人。'}, {'line': 24, 'prefix': '第二种人相', 'body_starter': '当', 'excerpt': '第二种人相当聪明，除了经验，他也懂得一些分析世道人心的方法。'}, {'line': 25, 'prefix': '第一种人，则具有一套面对世界的认知框架，而且这套认知框架还相', 'body_starter': '当', 'excerpt': '第一种人，则具有
possible_heading_body_glue	temp/《洗脑的最高境界》.md	count_sample=9, stems=['第一', '第七', '第三', '第九', '第二', '第五', '第八', '第六', '第十', '第四'], examples=[{'line': 378, 'prefix': '第三：你是否有喜欢的女孩', 'body_starter': '因为', 'excerpt': '第三：你是否有喜欢的女孩，因为不会表达，最后成 为别人的新娘?'}, {'line': 537, 'prefix': '第二步：在你迷茫的时候，出现了', 'body_starter': '一个', 'excerpt': '第二步：在你迷茫的时候，出现了一个机会，这个机会可以是一个贵人、一件事情，通过这个机会你在最短的时间内，以最快的速度获得了巨大的成功，让所有认识你的人不敢相信、之前那么一个落魄的人，现在是多么的成功、有 大的反差对比。'}, {'line': 623, 'prefix': '第二：自燃，每', 'body_starter': '当', 'excerpt': '第二：自燃，每当遇到好的商机的时候，总是浑身充 满能量。'}, {'line'
possible_heading_body_glue	temp/《烂好人毒素》/index.md	count_sample=30, stems=[], examples=[{'line': 9, 'prefix': '不！一点都不好喝！', 'body_starter': '因为', 'excerpt': '不！一点都不好喝！因为，第一次品尝的时候，是一种难于入口的味道。但，当他们继续喝下去，慢优的就能在「苦」中品尝出另一番滋味。爱好者会从无糖黑咖啡的苦中喝出甘美，从啤酒的涩中喝出清凉的快感，从吃生蚝或生牛排中的腥味中，勾起我人类记忆中的那种原始和野性的味觉。这些食物，通常都是成人的爱好。小孩呢？你会不会拿黑咖啡、啤酒和生蚝来喂他们呢？应该不会吧。小孩喜欢什么味'}, {'line': 12, 'prefix': '幼稚和成熟的分别', 'body_starter': '假如', 'excerpt': '幼稚和成熟的分别假如你人生活到了今天，只认为人性中美丽的一面需要助长，丑恶的一面需要尽量铲除，你就如一个味觉未开发的幼稚成年人。只是宣扬仁义道德的话，就好像有人发起了一个民间运动，不断传播「只有甜的食物才是好吃」的思想，告诉我辣、苦、臭、酸、涩、腥等味道是低级人类的食物。'}, {
possible_ad_residue	temp/《玩转人性》.md	count_sample=1, examples=[{'line': 112, 'match': '微信号'}]
possible_heading_body_glue	temp/《百发百中攻心术》/index.md	count_sample=30, stems=[], examples=[{'line': 11, 'prefix': '在成都武侯祠，诸葛孔明先生的祠堂正殿', 'body_starter': '当', 'excerpt': '在成都武侯祠，诸葛孔明先生的祠堂正殿当中有一副对联：能攻心则反侧自消，从古知兵非好战；'}, {'line': 14, 'prefix': '在赵藩看来，诸葛亮作为', 'body_starter': '中国', 'excerpt': '在赵藩看来，诸葛亮作为中国历史上的千古一相，他的成功秘诀就是—善“攻心”能“审势”。但是一提起攻心之术，会让人联想到“阴谋”与“阴险狡诈”的字眼。这是一种错误的理解。'}, {'line': 17, 'prefix': '以上两种人，第一种人吃够亏后就会升级为第二种人', 'body_starter': '因为', 'excerpt': '以上两种人，第一种人吃够亏后就会升级为第二种人，因为他终于真正体会到了，在利益面前先下手为强，后下手遭殃的道理。而所谓攻心，就是利用心理战术来不战而胜。攻心即是驾驭人的思想，从思想上使其畏惧
possible_heading_body_glue	temp/《社会人心运作手册》/index.md	count_sample=30, stems=['如果', '对于', '我们', '所以', '比如', '社会'], examples=[{'line': 84, 'prefix': '我们考察阶层的原理', 'body_starter': '当', 'excerpt': '我们考察阶层的原理，当然不是为了解决这个问题，而是解决对社会的认：问题，以及改变命运的问题。'}, {'line': 108, 'prefix': '我们都知道物以稀为贵。比如', 'body_starter': '一个', 'excerpt': '我们都知道物以稀为贵。比如一个公司的总经理职位，一个处长的权力，相对于14亿人口来说；就是很稀缺的了，大家都想要。'}, {'line': 128, 'prefix': '如果我们给稀缺资源列', 'body_starter': '一个', 'excerpt': '如果我们给稀缺资源列一个清单的话，排在第一的是权力，排第二的是金排第三的则是影响力。'}, {'line': 132, 'prefix': '我们能够想象', 'body_starter': '一个', 
possible_heading_body_glue	temp/《社会人心运作手册》PDF版/index.md	count_sample=30, stems=['我们', '比如', '社会', '问题', '阶层'], examples=[{'line': 83, 'prefix': '我们可以下看到，资源在不同的阶层中', 'body_starter': '其实', 'excerpt': '我们可以下看到，资源在不同的阶层中，其实有不同的分布。阶层越低，越需要依赖于公共资源；阶层越高，越拥有私人的资源或“小群体资源”。同时，阶层越低，获取稀缺资源的机会就越少，阶层越高，获取稀缺资源的机会就越多。'}, {'line': 89, 'prefix': '我们考察阶层的原理', 'body_starter': '当', 'excerpt': '我们考察阶层的原理，当然不是为了解决这个问题，而是解决对社会的认知问题，以及改变命运的问题。'}, {'line': 121, 'prefix': '我们都知道物以稀为贵。比如', 'body_starter': '一个', 'excerpt': '我们都知道物以稀为贵。比如一个公司的总经理职位，一个处长的权力，相对于14亿人口来说，就是很稀缺的了，大家都想
possible_ad_residue	temp/《穷人的底层逻辑》/index.md	count_sample=1, examples=[{'line': 1105, 'match': '一手电子书'}]
possible_heading_body_glue	temp/《穷人的底层逻辑》/index.md	count_sample=30, stems=['穷人'], examples=[{'line': 10, 'prefix': '穷人缺钱，这是不言而喻的。缺钱给', 'body_starter': '穷人', 'excerpt': '穷人缺钱，这是不言而喻的。缺钱给穷人带来深重的痛苦，这也是不言而喻的。因此，穷人需要钱，更是不言而喻的。'}, {'line': 16, 'prefix': '穷人的眼光有限，往往就在于这种饥饿思维', 'body_starter': '穷人', 'excerpt': '穷人的眼光有限，往往就在于这种饥饿思维。穷人穷怕了，反而不敢放弃眼前的东西，去寻找新的出路。'}, {'line': 34, 'prefix': '穷人也有', 'body_starter': '穷人', 'excerpt': '穷人也有穷人的希望，穷人也有穷人的明天。穷人所有的，也许正是富人所缺的。富人富不过三代，穷人也穷不过三代，世界总是在运动中达到平衡。所以，穷人不能放弃希望，穷人不能停止思考，穷人更要知道穷的原因，更要找到路在哪里。'}, {'line': 46, 'prefix
possible_heading_body_glue	temp/《红尘纵横1》/index.md	count_sample=30, stems=[], examples=[{'line': 12, 'prefix': '人们生活中许多知识都是这样', 'body_starter': '一个', 'excerpt': '人们生活中许多知识都是这样一个线路：真相（冷血冰冷的逻辑）一一中间加入各种糖衣包装，各种人造词汇，这些词汇组合在一起叫学科（比如经济学里面好多词汇，管理学里面多）—一最后落地到实践生活。'}, {'line': 29, 'prefix': '对国家和社会而言，社会要想发展，就必须让个体充满欲望与竞争', 'body_starter': '穷人', 'excerpt': '对国家和社会而言，社会要想发展，就必须让个体充满欲望与竞争，穷人为了安全感而奋斗，富人为了优越感而努力！'}, {'line': 36, 'prefix': '实际上，假厉害的占99.999%，甚至更多！其实不论穷富', 'body_starter': '我们', 'excerpt': '实际上，假厉害的占99.999%，甚至更多！其实不论穷富，我们都是被设定了人生的傀儡和提线木偶！在别人的世界里活出
possible_ad_residue	temp/《红尘纵横2》/index.md	count_sample=1, examples=[{'line': 1462, 'match': 'VX'}]
possible_ad_residue	temp/《红尘纵横3》/index.md	count_sample=1, examples=[{'line': 101, 'match': '加我微信'}]
possible_heading_body_glue	temp/《红尘纵横3》/index.md	count_sample=30, stems=[], examples=[{'line': 4, 'prefix': '你才能够更好的去处理各种各样的关系，不然的话你会被人情所累', 'body_starter': '当', 'excerpt': '你才能够更好的去处理各种各样的关系，不然的话你会被人情所累。当你被人情所累，你的心力都消耗在这种东西身上，你怎么可能赚到钱，你不解决这第一步你就解决不了第二步，财富的问题。当财富的问题解决不了，你就会非常痛苦。你从情感上也很痛苦，从财富上也很痛苦，请问你怎么生活？你这未来还有几十年要活，你会活得很辛苦，你这'}, {'line': 13, 'prefix': '因为实验环境的不同结果就会出现非常大的偏差', 'body_starter': '如果', 'excerpt': '因为实验环境的不同结果就会出现非常大的偏差。如果这个课你不好好学，你是挣不到钱的，为什么？因为赚钱的前提是内心世界极其的安定要专注和聚焦，而专注和聚焦的前提是什么？是你不容易受到情绪的困扰，而不受到情绪的困扰。你得了解情绪，你得了解你为什么会有情绪，为什么会不平衡，什么
possible_heading_body_glue	temp/《绝密人性天书》净版.md	count_sample=30, stems=[], examples=[{'line': 8, 'prefix': '而门外知识，教的都是让你如何成为', 'body_starter': '一个', 'excerpt': '而门外知识，教的都是让你如何成为一个更听话的羊这也就能解释为什么 90%的人一直被薅羊毛如果没有大量的羊，狼吃什么?'}, {'line': 10, 'prefix': '有钱人培养孩子，都会让他精通人性和权谋秘术而', 'body_starter': '穷人', 'excerpt': '有钱人培养孩子，都会让他精通人性和权谋秘术而穷人培养孩子，只会天天报各种辅导班和技能你孩子舞蹈跳的再好，也只不过是舞动骚姿，供有钱人享乐你孩子分数再高，也不过是企业的一个螺丝钉，日夜为富人掏空身体你孩子学习各种技能，他们长大以后的赚钱方式，就像小姐一样，天天接客，只有接客才能赚钱，只要不接客就没钱而有钱人精通人性，他们是妈咪，他们驾驭大量的小姐，掏空小姐的身'}, {'line': 11, 'prefix': '但从今以后', 'body_starter': '当', 'exce
possible_heading_body_glue	temp/《贪婪的人性》男人篇.md	count_sample=14, stems=['权力', '男人', '男性'], examples=[{'line': 80, 'prefix': '男人希望从女人那儿获得快乐，因此，普通女人注定会使', 'body_starter': '我们', 'excerpt': '男人希望从女人那儿获得快乐，因此，普通女人注定会使我们大失所望。她应该能带我们重返伊甸园，给我们一个放下重担，享受生活的地方。她应该是我们的救主，使我们重新衔接疏离的感觉，恢复完整。阴茎就是那条直通乐园的窄路，横度架在恶水上的桥梁，就能找到四分五裂的自我的各个部分。因此性对男人才那么重要。有个女人曾经告诉我：我终于了解，对男人来说，阴茎是他们身上唯一的部分。'}, {'line': 82, 'prefix': '男人和女人的想象力', 'body_starter': '有一个', 'excerpt': '男人和女人的想象力有一个根本的不同。我们会直接想象性，对亲密感情却只能间接想象，女人却正好相反，亲密是直接，性却是间接的。这并不代表男人只对性感兴趣，而是我们一直被要求压抑对亲密感的自然需求，文化只允许我们在性行
possible_heading_body_glue	temp/《透视人性》/index.md	count_sample=30, stems=[], examples=[{'line': 4, 'prefix': '没有人能隐于世外，无论你走到哪里，都会碰到人。你必须与之相处', 'body_starter': '因为', 'excerpt': '没有人能隐于世外，无论你走到哪里，都会碰到人。你必须与之相处，因为人无所不在；你必须了解人，因为你永远无法独自成功。'}, {'line': 5, 'prefix': '不同的人每天都不得不重复着同', 'body_starter': '一个', 'excerpt': '不同的人每天都不得不重复着同一个古老而新鲜的游戏——与人打交道。这个游戏的古老在于，人类就是这样不弃不离地走过了千年万年：彼此热爱、彼此争斗；相互支撑、相互抗衡；充满善意、暗藏险诈；体谅对方、误解对方……这个游戏的新鲜在于，造物主似乎开了个玩笑，它让每个人都独具个性与特质，你不能将人简单地分类，甚至不能按照同一种方法与两个人相处，这真是件有点麻烦的事情。'}, {'line': 7, 'prefix': '3不同的人每天都不得不重复着同', 'body_starter'
possible_heading_body_glue	temp/《道破人性第一书》.md	count_sample=6, stems=['不可', '切勿', '切忌', '善于', '善用', '学会'], examples=[{'line': 250, 'prefix': '善于等待表明心胸博大、承受力强。任何时候都不急不火', 'body_starter': '一个', 'excerpt': '善于等待表明心胸博大、承受力强。任何时候都不急不火。一个人首先要自制，然后才能制人。必须豁出工夫以待时机。审慎的迟延能够确保达到目的和谋划周密。时间用作武器要比赫拉克勒斯的狼牙铁棒更为管用。就连上帝施罚都不用棍棒而用机遇。'}, {'line': 805, 'prefix': '善于铺排才是善于享受', 'body_starter': '很多', 'excerpt': '善于铺排才是善于享受。很多人苟延生命却无幸福可言，常常是因为不知享受而使乐事成空，日后追悔已为时太晚。这种人是生命的马夫，不满足于时光的自然流逝，而要处心积虑地强行驱赶。他们妄想一天之内就吞下也许终生都难消化的美食。他们超前享乐、预支年华，由于操之过急，转眼之间就得面对凋零。即便是求知，也需有方，不可生吞活剥成
possible_heading_body_glue	temp/《阅人高手2》/index.md	count_sample=30, stems=[], examples=[{'line': 31, 'prefix': '通过守信来看透', 'body_starter': '一个', 'excerpt': '通过守信来看透一个人从选购礼物上看人的性格对胜负的态度显现人的品行人在无聊烦躁时最能显露真心透视伤心表象背后的人性从撒谎的方式看透对方的心名片也能泄露人的兴趣爱好从握手方式获得对方的基本信息朋友圈是读懂对方的一座桥梁'}, {'line': 35, 'prefix': '算命先生为什么说得那么准在现实生活中', 'body_starter': '我们', 'excerpt': '算命先生为什么说得那么准在现实生活中，我们有时会遇到一些看手相、看面相的算命先生，即使是在现代化的都市中，我们也经常可以看到在公园门口、立交桥下、人行道边，有不少人在算命先生的卦摊前虔诚地请求指点，而且这其中不乏高学历者，在这些人的眼里，算命先生成为帮他们预见未来的“活神仙”。'}, {'line': 36, 'prefix': '虽然人们明知这是迷信，但还是有人', 'body_starter': '想
possible_heading_body_glue	temp/《零距离人性》/index.md	count_sample=30, stems=[], examples=[{'line': 9, 'prefix': '在与他人的交往中', 'body_starter': '如果', 'excerpt': '在与他人的交往中，如果你发觉对方的姿势显得别扭和可笑，那么，此时他内心的情绪一定与他所表现的姿势不相吻合的姿势。'}, {'line': 10, 'prefix': '在与他人的交往中，你全身的每', 'body_starter': '一个', 'excerpt': '在与他人的交往中，你全身的每一个细胞都在竭力地表现着。这些表现，除'}, {'line': 14, 'prefix': '◆他与交往的对象保持的距离', 'body_starter': '一般', 'excerpt': '◆他与交往的对象保持的距离一般来说，彼此间空间的实际距离常常代表着心理上的距离。如果空间的实际距离小，说明双方的关系比较亲密，反之亦然。'}, {'line': 15, 'prefix': '在交往中', 'body_starter': '如果', 'excerpt': '在交往中，如果有一方不断
possible_heading_body_glue	temp/《驭心高手》/index.md	count_sample=30, stems=[], examples=[{'line': 9, 'prefix': '可就在飞机起飞前，还曾发生这样一幕', 'body_starter': '当', 'excerpt': '可就在飞机起飞前，还曾发生这样一幕：当时副驾驶已经发现了这个问题，并曾向机长提出过应该检查一下的建议。但由于机长是一个拥有多年航空飞行经验的人，加之他多年对工作认真负责的态度，早已经在这个领域树立了相当的权威，所以，当副驾驶听机长说这没什么大的问题后，便再也没提及这件事情。就这样，飞机在飞行到波托马克河时坠毁了。'}, {'line': 10, 'prefix': '在这一事件中', 'body_starter': '我们', 'excerpt': '在这一事件中，我们不难发现副驾驶其实已经发现了隐患，可为什么明明知道有隐患，还是会听从机长的建议认为这没问题呢？原因就在于人们的普遍心理：信任和追随权威。副驾驶正是受到机长职务的权威性，以及经验丰富的权威信号的影响，才使其没有坚持自己原本正确的意见，最终导致了悲剧的发生。'}, {'line': 13, 'prefi
possible_heading_body_glue	temp/《高手深度思考的秘密》/index.md	count_sample=30, stems=[], examples=[{'line': 3, 'prefix': '里。主要就是卡在“以名命物”上面。多了', 'body_starter': '一个', 'excerpt': '里。主要就是卡在“以名命物”上面。多了一个“名”字，从逻辑上理解会让很多人完全蒙圈，有些就干脆对这个字视而不见，和稀泥绕过去了。即把“观阴阳之开阖以名命物”当成“观阴阳之开阖以命物”来解读。这当然会有问题。'}, {'line': 6, 'prefix': '你想要这件事这样发展，而不是那样发展', 'body_starter': '想要', 'excerpt': '你想要这件事这样发展，而不是那样发展，想要这个人这么做，而不是那样做，想要这个目标被这样实现，而不是那样去演变，靠什么来驱使相关的事物朝着你的预期去走？'}, {'line': 16, 'prefix': '——当心', 'body_starter': '当', 'excerpt': '——当心，当你认为自己很会“思考”时，你不知不觉正在成为别人的“盘中餐”'}, {'line': 19, 'p
possible_heading_body_glue	temp/做局大师-人间博弈之术.md	count_sample=30, stems=[], examples=[{'line': 10, 'prefix': '翻开历史', 'body_starter': '我们', 'excerpt': '翻开历史，我们会发现一个有趣的现象，成就一番大业的，往往不是项羽等英雄豪杰，也不是张良、诸葛亮等谋略家，而是那些资质平平的人物。比如刘邦、刘备、朱元璋，甚至《水浒》中的宋江。为什么会这样呢？下面就拿刘邦和项羽来比较分析一下。《史记》记载，韩信曾对刘邦说，项羽是“匹夫之勇”，“妇人之仁”。“匹夫之勇”容易理解，那什么是“妇人之仁”呢？其实就是不够黑。而刘邦的强'}, {'line': 12, 'prefix': '何况，这些', 'body_starter': '所谓', 'excerpt': '何况，这些所谓的清规戒律往往只是针对弱者的，那些所谓的英雄豪杰所要追求的则是目的的实现，对手段却是不问不究的。'}, {'line': 26, 'prefix': '在做局的过程中，必然要涉及用人、驭人的问题。有的局只需要驾驭', 'body_starter': '一个', 'excerpt':
possible_heading_body_glue	temp/千门谋局上册/index.md	count_sample=12, stems=['三上', '二以', '第一', '第三', '第二'], examples=[{'line': 731, 'prefix': '第三步：他又找到了', 'body_starter': '一个', 'excerpt': '第三步：他又找到了一个甜品店，和老板谈好一次性购买1000张价值150元的会员卡。最终，老板给的优惠价是每张50 块钱。'}, {'line': 1584, 'prefix': '第二天，林强带着家人正准备出城回乡，吴大人带兵', 'body_starter': '当', 'excerpt': '第二天，林强带着家人正准备出城回乡，吴大人带兵当街把他们拦了下来，说到：“你装了 20箱金银财宝的事情，我已经禀报给了皇上。皇上痛骂你是贪官，并且让我带你去面圣。”'}, {'line': 2062, 'prefix': '第二层答案，就是刘邦乃真龙天子。为了坐实这个事情，编出了', 'body_starter': '一个', 'excerpt': '第二层答案，就是刘邦乃真龙天子。为了坐实这个事情，编出了一个刘邦不是他爹亲生
possible_heading_body_glue	temp/千门谋局下册/index.md	count_sample=14, stems=['第一', '第三', '第二', '第四'], examples=[{'line': 274, 'prefix': '第一个：借舆论之力', 'body_starter': '一个', 'excerpt': '第一个：借舆论之力一个真正的做局高手，不但会借势，还会自己起势。'}, {'line': 743, 'prefix': '第二天，他以150文钱一斗的价格向粮商收购粮食', 'body_starter': '大家', 'excerpt': '第二天，他以150文钱一斗的价格向粮商收购粮食，大家眼看不仅有钱，还能抬高粮食价格，一举两得。'}, {'line': 1456, 'prefix': '第三步：找到', 'body_starter': '当', 'excerpt': '第三步：找到当地10家蛋糕店，谈好2万张价值100元的储值卡，最后成交价每张 40元。'}, {'line': 1457, 'prefix': '第四步：找到', 'body_starter': '当', 'excerpt': '第四步：找到当地几所学校，和校
possible_ad_residue	temp/布局锦囊5.0/index.md	count_sample=8, examples=[{'line': 2151, 'match': '微信号'}, {'line': 2619, 'match': '微信号'}, {'line': 2620, 'match': '微信号'}, {'line': 2756, 'match': '微信号'}, {'line': 2756, 'match': '微信号'}, {'line': 2780, 'match': '微信号'}, {'line': 2782, 'match': '微信号'}, {'line': 2796, 'match': '微信号'}]
possible_heading_body_glue	temp/布局锦囊5.0/index.md	count_sample=30, stems=[], examples=[{'line': 14, 'prefix': '【 卧龙背销内部资料 ］ 布局锦贲系列', 'body_starter': '如果', 'excerpt': '【 卧龙背销内部资料 ］ 布局锦贲系列如果你看的是盗版书籍， 问请马上扔掉！'}, {'line': 20, 'prefix': '有钱人培养孩子，都会让他精通人性和权谋秘术，而', 'body_starter': '穷人', 'excerpt': '有钱人培养孩子，都会让他精通人性和权谋秘术，而穷人培养孩子 ， 只会天天报各种辅导班和技能，技术；'}, {'line': 26, 'prefix': '非常感谢你，预购本书！', 'body_starter': '如果', 'excerpt': '非常感谢你，预购本书！ 如果你读的盗版，谓马上扔掉 ． 不然会害了你！ ! !'}, {'line': 36, 'prefix': '八 如果你想达到超越常人的成绩，你想赚', 'body_starter': '很多', 'excerpt': '八 如果你想达到超
